Workbook
Name airvendorbuyer: #REF!

Sheet 整车装载能力
B2: 装载能力
B3: 干货与危险品卡车
B4: 设备类型 | C4: 实际装载能力
B5: 3T | C5: 12
B6: 5T | C6: 23
B7: 8T | C7: 32
B8: 10T | C8: 40
B9: 12T | C9: 45
B10: 15T | C10: 55
B11: 25T | C11: 90
B12: 26T | C12: 110
B13: 30T | C13: 145
B14: 20尺集装箱 | C14: 28
B15: 40尺集装箱 | C15: 58
B16: 40尺高柜集装箱 | C16: 68

Sheet 整车费率
B1: 整车费率
B2: 费率由运输部（MOT）审定。所报费率不得以捆绑中标为条件。
B4: 目的地
B5: SHDR DC1（主配送中心）：上海临港新城普洛斯临港物流园洋浩路575号，中国上海市浦东新区
B6: TDSC 配送中心：上海市奉贤区航塘公路3088号C栋3楼迪士尼商店仓库，开瑞益上海配送中心C3，上海市奉贤区航塘公路3088号
B7: 币种：人民币 | C7: 不含增值税
F9: SHDR DC1/TDSC DC | M9: SHDR DC1/TDSC DC
B10: 出发省份 | C10: 出发城市 | D10: 车型 | E10: 温度类型 | F10: 运输天数（不含提货日） | G10: 费率（人民币）不含增值税 | H10: 出发省份 | I10: 出发城市 | J10: 车型 | K10: 温度类型 | M10: 运输天数（不含提货日） | N10: 费率（人民币）不含增值税 | P10: 附加费说明 | Q10: 每次附加费（人民币）
B11: 安徽 | C11: 巢湖 | D11: 10T | E11: 干货 | F11: 1 | G11: 3060 | H11: =VLOOKUP(B11,Sheet1!A:B,2,0) -> Anhui | I11: =VLOOKUP(C11,Sheet1!C:D,2,0) -> Chaohu | J11: 10T | K11: DRY | L11: AnhuiChaohu10TDRY | O11: 1350 | P11: 停车费（¥）
B12: 安徽 | C12: 巢湖 | D12: 12T | E12: 干货 | F12: 1 | G12: 3120 | H12: =VLOOKUP(B12,Sheet1!A:B,2,0) -> Anhui | I12: =VLOOKUP(C12,Sheet1!C:D,2,0) -> Chaohu | J12: 12T | K12: DRY | L12: AnhuiChaohu12TDRY | P12: 理货费（¥）*
B13: 安徽 | C13: 巢湖 | D13: 15T | E13: 干货 | F13: 1 | G13: 4776 | H13: =VLOOKUP(B13,Sheet1!A:B,2,0) -> Anhui | I13: =VLOOKUP(C13,Sheet1!C:D,2,0) -> Chaohu | J13: 15T | K13: DRY | L13: AnhuiChaohu15TDRY | P13: 危险品费（¥）
B14: 安徽 | C14: 巢湖 | D14: 26T | E14: 干货 | F14: 1 | G14: 5028 | H14: =VLOOKUP(B14,Sheet1!A:B,2,0) -> Anhui | I14: =VLOOKUP(C14,Sheet1!C:D,2,0) -> Chaohu | J14: 26T | K14: DRY | L14: AnhuiChaohu26TDRY | P14: 空驶费（已派车未使用）（¥）
B15: 安徽 | C15: 巢湖 | D15: 3T | E15: 干货 | F15: 1 | G15: 1620 | H15: =VLOOKUP(B15,Sheet1!A:B,2,0) -> Anhui | I15: =VLOOKUP(C15,Sheet1!C:D,2,0) -> Chaohu | J15: 3T | K15: DRY | L15: AnhuiChaohu3TDRY
B16: 安徽 | C16: 巢湖 | D16: 5T | E16: 干货 | F16: 1 | G16: 2640 | H16: =VLOOKUP(B16,Sheet1!A:B,2,0) -> Anhui | I16: =VLOOKUP(C16,Sheet1!C:D,2,0) -> Chaohu | J16: 5T | K16: DRY | L16: AnhuiChaohu5TDRY
B17: 安徽 | C17: 巢湖 | D17: 8T | E17: 干货 | F17: 1 | G17: 2520 | H17: =VLOOKUP(B17,Sheet1!A:B,2,0) -> Anhui | I17: =VLOOKUP(C17,Sheet1!C:D,2,0) -> Chaohu | J17: 8T | K17: DRY | L17: AnhuiChaohu8TDRY
B18: 安徽 | C18: 巢湖 | D18: 40尺高柜 | E18: 干货 - 自备箱 | F18: 1 | G18: 5040 | H18: =VLOOKUP(B18,Sheet1!A:B,2,0) -> Anhui | I18: =VLOOKUP(C18,Sheet1!C:D,2,0) -> Chaohu | J18: 40'HQ | K18: DRY - SOC | L18: AnhuiChaohu40'HQDRY - SOC
B19: 安徽 | C19: 天长 | D19: 10T | E19: 干货 | F19: 1 | G19: 2760 | H19: =VLOOKUP(B19,Sheet1!A:B,2,0) -> Anhui | I19: =VLOOKUP(C19,Sheet1!C:D,2,0) -> Tianchang | J19: 10T | K19: DRY | L19: AnhuiTianchang10TDRY
B20: 安徽 | C20: 天长 | D20: 12T | E20: 干货 | F20: 1 | G20: 2760 | H20: =VLOOKUP(B20,Sheet1!A:B,2,0) -> Anhui | I20: =VLOOKUP(C20,Sheet1!C:D,2,0) -> Tianchang | J20: 12T | K20: DRY | L20: AnhuiTianchang12TDRY
B21: 安徽 | C21: 天长 | D21: 15T | E21: 干货 | F21: 1 | G21: 4284 | H21: =VLOOKUP(B21,Sheet1!A:B,2,0) -> Anhui | I21: =VLOOKUP(C21,Sheet1!C:D,2,0) -> Tianchang | J21: 15T | K21: DRY | L21: AnhuiTianchang15TDRY
B22: 安徽 | C22: 天长 | D22: 25T | E22: 干货 | F22: 1 | G22: 4740 | H22: =VLOOKUP(B22,Sheet1!A:B,2,0) -> Anhui | I22: =VLOOKUP(C22,Sheet1!C:D,2,0) -> Tianchang | J22: 25T | K22: DRY | L22: AnhuiTianchang25TDRY
B23: 安徽 | C23: 天长 | D23: 26T | E23: 干货 | F23: 1 | G23: 4980 | H23: =VLOOKUP(B23,Sheet1!A:B,2,0) -> Anhui | I23: =VLOOKUP(C23,Sheet1!C:D,2,0) -> Tianchang | J23: 26T | K23: DRY | L23: AnhuiTianchang26TDRY
B24: 安徽 | C24: 天长 | D24: 3T | E24: 干货 | F24: 1 | G24: 1380 | H24: =VLOOKUP(B24,Sheet1!A:B,2,0) -> Anhui | I24: =VLOOKUP(C24,Sheet1!C:D,2,0) -> Tianchang | J24: 3T | K24: DRY | L24: AnhuiTianchang3TDRY
B25: 安徽 | C25: 天长 | D25: 5T | E25: 干货 | F25: 1 | G25: 2400 | H25: =VLOOKUP(B25,Sheet1!A:B,2,0) -> Anhui | I25: =VLOOKUP(C25,Sheet1!C:D,2,0) -> Tianchang | J25: 5T | K25: DRY | L25: AnhuiTianchang5TDRY
B26: 安徽 | C26: 天长 | D26: 8T | E26: 干货 | F26: 1 | G26: 2460 | H26: =VLOOKUP(B26,Sheet1!A:B,2,0) -> Anhui | I26: =VLOOKUP(C26,Sheet1!C:D,2,0) -> Tianchang | J26: 8T | K26: DRY | L26: AnhuiTianchang8TDRY
... B49: 广东 | C49: 东莞 | D49: 8T | E49: 干货 | F49: 3 | G49: 5280 | H49: =VLOOKUP(B49,Sheet1!A:B,2,0) -> Guangdong | I49: =VLOOKUP(C49,Sheet1!C:D,2,0) -> Dongguan | J49: 8T | K49: DRY | L49: GuangdongDongguan8TDRY
B50: 广东 | C50: 东莞 | D50: DG_3T | E50: 危险品 | H50: =VLOOKUP(B50,Sheet1!A:B,2,0) -> Guangdong | I50: =VLOOKUP(C50,Sheet1!C:D,2,0) -> Dongguan | J50: DG_3T | K50: HAZMAT | L50: GuangdongDongguanDG_3THAZMAT
B51: 广东 | C51: 东莞 | D51: DG_8T | E51: 危险品 | H51: =VLOOKUP(B51,Sheet1!A:B,2,0) -> Guangdong | I51: =VLOOKUP(C51,Sheet1!C:D,2,0) -> Dongguan | J51: DG_8T | K51: HAZMAT | L51: GuangdongDongguanDG_8THAZMAT
B52: 广东 | C52: 东莞 | D52: REF_3T | E52: 冷藏 | H52: =VLOOKUP(B52,Sheet1!A:B,2,0) -> Guangdong | I52: =VLOOKUP(C52,Sheet1!C:D,2,0) -> Dongguan | J52: REF_3T | K52: REEFER | L52: GuangdongDongguanREF_3TREEFER
B53: 广东 | C53: 东莞 | D53: 40尺高柜 | E53: 干货 - 自备箱 | F53: 3 | G53: 8200 | H53: =VLOOKUP(B53,Sheet1!A:B,2,0) -> Guangdong | I53: =VLOOKUP(C53,Sheet1!C:D,2,0) -> Dongguan | J53: 40'HQ | K53: DRY - SOC | L53: GuangdongDongguan40'HQDRY - SOC
B54: 广东 | C54: 佛山 | D54: 3T | E54: 干货 | F54: 3 | G54: 3600 | H54: =VLOOKUP(B54,Sheet1!A:B,2,0) -> Guangdong | I54: =VLOOKUP(C54,Sheet1!C:D,2,0) -> Foshan | J54: 3T | K54: DRY | L54: GuangdongFoshan3TDRY
B55: 广东 | C55: 佛山 | D55: 5T | E55: 干货 | F55: 3 | G55: 4440 | H55: =VLOOKUP(B55,Sheet1!A:B,2,0) -> Guangdong | I55: =VLOOKUP(C55,Sheet1!C:D,2,0) -> Foshan | J55: 5T | K55: DRY | L55: GuangdongFoshan5TDRY
B56: 广东 | C56: 佛山 | D56: REF_3T | E56: 冷藏 | H56: =VLOOKUP(B56,Sheet1!A:B,2,0) -> Guangdong | I56: =VLOOKUP(C56,Sheet1!C:D,2,0) -> Foshan | J56: REF_3T | K56: REEFER | L56: GuangdongFoshanREF_3TREEFER
B57: 广东 | C57: 佛山 | D57: REF_5T | E57: 冷藏 | H57: =VLOOKUP(B57,Sheet1!A:B,2,0) -> Guangdong | I57: =VLOOKUP(C57,Sheet1!C:D,2,0) -> Foshan | J57: REF_5T | K57: REEFER | L57: GuangdongFoshanREF_5TREEFER
B58: 广东 | C58: 河源 | D58: 10T | E58: 干货 | F58: 3 | G58: 4860 | H58: =VLOOKUP(B58,Sheet1!A:B,2,0) -> Guangdong | I58: =VLOOKUP(C58,Sheet1!C:D,2,0) -> Heyuan | J58: 10T | K58: DRY | L58: GuangdongHeyuan10TDRY
B59: 广东 | C59: 河源 | D59: 26T | E59: 干货 | F59: 3 | G59: 8200 | H59: =VLOOKUP(B59,Sheet1!A:B,2,0) -> Guangdong | I59: =VLOOKUP(C59,Sheet1!C:D,2,0) -> Heyuan | J59: 26T | K59: DRY | L59: GuangdongHeyuan26TDRY
B60: 广东 | C60: 河源 | D60: 3T | E60: 干货 | F60: 3 | G60: 3120 | H60: =VLOOKUP(B60,Sheet1!A:B,2,0) -> Guangdong | I60: =VLOOKUP(C60,Sheet1!C:D,2,0) -> Heyuan | J60: 3T | K60: DRY | L60: GuangdongHeyuan3TDRY
B61: 广东 | C61: 河源 | D61: DG_5T | E61: 危险品 | H61: =VLOOKUP(B61,Sheet1!A:B,2,0) -> Guangdong | I61: =VLOOKUP(C61,Sheet1!C:D,2,0) -> Heyuan | J61: DG_5T | K61: HAZMAT | L61: GuangdongHeyuanDG_5THAZMAT
B62: 广东 | C62: 惠州 | D62: DG_10T | E62: 危险品 | H62: =VLOOKUP(B62,Sheet1!A:B,2,0) -> Guangdong | I62: =VLOOKUP(C62,Sheet1!C:D,2,0) -> Huizhou | J62: DG_10T | K62: HAZMAT | L62: GuangdongHuizhouDG_10THAZMAT
B63: 广东 | C63: 惠州 | D63: 12T | E63: 干货 | F63: 3 | G63: 5280 | H63: =VLOOKUP(B63,Sheet1!A:B,2,0) -> Guangdong | I63: =VLOOKUP(C63,Sheet1!C:D,2,0) -> Huizhou | J63: 12T | K63: DRY | L63: GuangdongHuizhou12TDRY
B64: 广东 | C64: 惠州 | D64: 15T | E64: 干货 | F64: 3 | G64: 6960 | H64: =VLOOKUP(B64,Sheet1!A:B,2,0) -> Guangdong | I64: =VLOOKUP(C64,Sheet1!C:D,2,0) -> Huizhou | J64: 15T | K64: DRY | L64: GuangdongHuizhou15TDRY
B65: 广东 | C65: 惠州 | D65: 26T | E65: 干货 | F65: 3 | G65: 8100 | H65: =VLOOKUP(B65,Sheet1!A:B,2,0) -> Guangdong | I65: =VLOOKUP(C65,Sheet1!C:D,2,0) -> Huizhou | J65: 26T | K65: DRY | L65: GuangdongHuizhou26TDRY
B66: 广东 | C66: 惠州 | D66: 3T | E66: 干货 | F66: 3 | G66: 3240 | H66: =VLOOKUP(B66,Sheet1!A:B,2,0) -> Guangdong | I66: =VLOOKUP(C66,Sheet1!C:D,2,0) -> Huizhou | J66: 3T | K66: DRY | L66: GuangdongHuizhou3TDRY
B67: 广东 | C67: 惠州 | D67: 5T | E67: 干货 | F67: 3 | G67: 4320 | H67: =VLOOKUP(B67,Sheet1!A:B,2,0) -> Guangdong | I67: =VLOOKUP(C67,Sheet1!C:D,2,0) -> Huizhou | J67: 5T | K67: DRY | L67: GuangdongHuizhou5TDRY
B68: 广东 | C68: 惠州 | D68: 8T | E68: 干货 | F68: 3 | G68: 5040 | H68: =VLOOKUP(B68,Sheet1!A:B,2,0) -> Guangdong | I68: =VLOOKUP(C68,Sheet1!C:D,2,0) -> Huizhou | J68: 8T | K68: DRY | L68: GuangdongHuizhou8TDRY
B69: 广东 | C69: 惠州 | D69: 40尺高柜 | E69: 干货 - 自备箱 | F69: 3 | G69: 8100 | H69: =VLOOKUP(B69,Sheet1!A:B,2,0) -> Guangdong | I69: =VLOOKUP(C69,Sheet1!C:D,2,0) -> Huizhou | J69: 40'HQ | K69: DRY - SOC | L69: GuangdongHuizhou40'HQDRY - SOC
B70: 广东 | C70: 江门 | D70: 3T | E70: 干货 | F70: 3 | G70: 3600 | H70: =VLOOKUP(B70,Sheet1!A:B,2,0) -> Guangdong | I70: =VLOOKUP(C70,Sheet1!C:D,2,0) -> Jiangmen | J70: 3T | K70: DRY | L70: GuangdongJiangmen3TDRY
B71: 广东 | C71: 汕头 | D71: 10T | E71: 干货 | F71: 3 | G71: 4800 | H71: =VLOOKUP(B71,Sheet1!A:B,2,0) -> Guangdong | I71: =VLOOKUP(C71,Sheet1!C:D,2,0) -> Shantou | J71: 10T | K71: DRY | L71: GuangdongShantou10TDRY
B72: 广东 | C72: 汕头 | D72: 3T | E72: 干货 | F72: 3 | G72: 3120 | H72: =VLOOKUP(B72,Sheet1!A:B,2,0) -> Guangdong | I72: =VLOOKUP(C72,Sheet1!C:D,2,0) -> Shantou | J72: 3T | K72: DRY | L72: GuangdongShantou3TDRY
B73: 广东 | C73: 汕头 | D73: 5T | E73: 干货 | F73: 3 | G73: 3960 | H73: =VLOOKUP(B73,Sheet1!A:B,2,0) -> Guangdong | I73: =VLOOKUP(C73,Sheet1!C:D,2,0) -> Shantou | J73: 5T | K73: DRY | L73: GuangdongShantou5TDRY
B74: 广东 | C74: 汕头 | D74: REF_3T | E74: 冷藏 | H74: =VLOOKUP(B74,Sheet1!A:B,2,0) -> Guangdong | I74: =VLOOKUP(C74,Sheet1!C:D,2,0) -> Shantou | J74: REF_3T | K74: REEFER | L74: GuangdongShantouREF_3TREEFER
B75: 广东 | C75: 汕头 | D75: REF_5T | E75: 冷藏 | H75: =VLOOKUP(B75,Sheet1!A:B,2,0) -> Guangdong | I75: =VLOOKUP(C75,Sheet1!C:D,2,0) -> Shantou | J75: REF_5T | K75: REEFER | L75: GuangdongShantouREF_5TREEFER
B76: 广东 | C76: 汕头 | D76: 40尺高柜 | E76: 干货 - 自备箱 | F76: 3 | G76: 8300 | H76: =VLOOKUP(B76,Sheet1!A:B,2,0) -> Guangdong | I76: =VLOOKUP(C76,Sheet1!C:D,2,0) -> Shantou | J76: 40'HQ | K76: DRY - SOC | L76: GuangdongShantou40'HQDRY - SOC
B77: 广东 | C77: 深圳 | D77: 10T | E77: 干货 | F77: 3 | G77: 5640 | H77: =VLOOKUP(B77,Sheet1!A:B,2,0) -> Guangdong | I77: =VLOOKUP(C77,Sheet1!C:D,2,0) -> Shenzhen | J77: 10T | K77: DRY | L77: GuangdongShenzhen10TDRY
B78: 广东 | C78: 深圳 | D78: 12T | E78: 干货 | F78: 3 | G78: 5640 | H78: =VLOOKUP(B78,Sheet1!A:B,2,0) -> Guangdong | I78: =VLOOKUP(C78,Sheet1!C:D,2,0) -> Shenzhen | J78: 12T | K78: DRY | L78: GuangdongShenzhen12TDRY
B79: 广东 | C79: 深圳 | D79: 15T | E79: 干货 | F79: 3 | G79: 7440 | H79: =VLOOKUP(B79,Sheet1!A:B,2,0) -> Guangdong | I79: =VLOOKUP(C79,Sheet1!C:D,2,0) -> Shenzhen | J79: 15T | K79: DRY | L79: GuangdongShenzhen15TDRY
B80: 广东 | C80: 深圳 | D80: 25T | E80: 干货 | F80: 3 | G80: 8400 | H80: =VLOOKUP(B80,Sheet1!A:B,2,0) -> Guangdong | I80: =VLOOKUP(C80,Sheet1!C:D,2,0) -> Shenzhen | J80: 25T | K80: DRY | L80: GuangdongShenzhen25TDRY
B81: 广东 | C81: 深圳 | D81: 26T | E81: 干货 | F81: 3 | G81: 8400 | H81: =VLOOKUP(B81,Sheet1!A:B,2,0) -> Guangdong | I81: =VLOOKUP(C81,Sheet1!C:D,2,0) -> Shenzhen | J81: 26T | K81: DRY | L81: GuangdongShenzhen26TDRY
B82: 广东 | C82: 深圳 | D82: 3T | E82: 干货 | F82: 3 | G82: 3420 | H82: =VLOOKUP(B82,Sheet1!A:B,2,0) -> Guangdong | I82: =VLOOKUP(C82,Sheet1!C:D,2,0) -> Shenzhen | J82: 3T | K82: DRY | L82: GuangdongShenzhen3TDRY
B83: 广东 | C83: 深圳 | D83: 5T | E83: 干货 | F83: 3 | G83: 4512 | H83: =VLOOKUP(B83,Sheet1!A:B,2,0) -> Guangdong | I83: =VLOOKUP(C83,Sheet1!C:D,2,0) -> Shenzhen | J83: 5T | K83: DRY | L83: GuangdongShenzhen5TDRY
B84: 广东 | C84: 深圳 | D84: 8T | E84: 干货 | F84: 3 | G84: 5400 | H84: =VLOOKUP(B84,Sheet1!A:B,2,0) -> Guangdong | I84: =VLOOKUP(C84,Sheet1!C:D,2,0) -> Shenzhen | J84: 8T | K84: DRY | L84: GuangdongShenzhen8TDRY
B85: 广东 | C85: 深圳 | D85: 40尺高柜 | E85: 干货 - 自备箱 | F85: 3 | G85: 8400 | H85: =VLOOKUP(B85,Sheet1!A:B,2,0) -> Guangdong | I85: =VLOOKUP(C85,Sheet1!C:D,2,0) -> Shenzhen | J85: 40'HQ | K85: DRY - SOC | L85: GuangdongShenzhen40'HQDRY - SOC
B86: 广东 | C86: 肇庆 | D86: 5T | E86: 干货 | F86: 3 | G86: 5040 | H86: =VLOOKUP(B86,Sheet1!A:B,2,0) -> Guangdong | I86: =VLOOKUP(C86,Sheet1!C:D,2,0) -> Zhaoqing | J86: 5T | K86: DRY | L86: GuangdongZhaoqing5TDRY
B87: 广东 | C87: 中山 | D87: 10T | E87: 干货 | F87: 3 | G87: 6000 | H87: =VLOOKUP(B87,Sheet1!A:B,2,0) -> Guangdong | I87: =VLOOKUP(C87,Sheet1!C:D,2,0) -> Zhongshan | J87: 10T | K87: DRY | L87: GuangdongZhongshan10TDRY
... B147: 江西 | C147: 赣州 | D147: 40尺高柜 | E147: 干货 - 自备箱 | F147: 3 | G147: 6960 | H147: =VLOOKUP(B147,Sheet1!A:B,2,0) -> Jiangxi | I147: =VLOOKUP(C147,Sheet1!C:D,2,0) -> Ganzhou | J147: 40'HQ | K147: DRY - SOC | L147: JiangxiGanzhou40'HQDRY - SOC
B148: 江西 | C148: 南昌 | D148: REF_12T | E148: 冷藏 | H148: =VLOOKUP(B148,Sheet1!A:B,2,0) -> Jiangxi | I148: =VLOOKUP(C148,Sheet1!C:D,2,0) -> Nanchang | J148: REF_12T | K148: REEFER | L148: JiangxiNanchangREF_12TREEFER
B149: 山东 | C149: 青岛 | D149: 10T | E149: 干货 | F149: 2 | G149: 4200 | H149: =VLOOKUP(B149,Sheet1!A:B,2,0) -> Shandong | I149: =VLOOKUP(C149,Sheet1!C:D,2,0) -> Qingdao | J149: 10T | K149: DRY | L149: ShandongQingdao10TDRY
B150: 山东 | C150: 青岛 | D150: 12T | E150: 干货 | F150: 2 | G150: 4200 | H150: =VLOOKUP(B150,Sheet1!A:B,2,0) -> Shandong | I150: =VLOOKUP(C150,Sheet1!C:D,2,0) -> Qingdao | J150: 12T | K150: DRY | L150: ShandongQingdao12TDRY
B151: 山东 | C151: 青岛 | D151: 3T | E151: 干货 | F151: 2 | G151: 2340 | H151: =VLOOKUP(B151,Sheet1!A:B,2,0) -> Shandong | I151: =VLOOKUP(C151,Sheet1!C:D,2,0) -> Qingdao | J151: 3T | K151: DRY | L151: ShandongQingdao3TDRY
B152: 山东 | C152: 青岛 | D152: 5T | E152: 干货 | F152: 2 | G152: 3600 | H152: =VLOOKUP(B152,Sheet1!A:B,2,0) -> Shandong | I152: =VLOOKUP(C152,Sheet1!C:D,2,0) -> Qingdao | J152: 5T | K152: DRY | L152: ShandongQingdao5TDRY
B153: 山东 | C153: 青岛 | D153: 8T | E153: 干货 | F153: 2 | G153: 3840 | H153: =VLOOKUP(B153,Sheet1!A:B,2,0) -> Shandong | I153: =VLOOKUP(C153,Sheet1!C:D,2,0) -> Qingdao | J153: 8T | K153: DRY | L153: ShandongQingdao8TDRY
B154: 山东 | C154: 泰安 | D154: 3T | E154: 干货 | F154: 2 | G154: 2640 | H154: =VLOOKUP(B154,Sheet1!A:B,2,0) -> Shandong | I154: =VLOOKUP(C154,Sheet1!C:D,2,0) -> Tai'An | J154: 3T | K154: DRY | L154: ShandongTai'An3TDRY
B155: 山东 | C155: 泰安 | D155: 5T | E155: 干货 | F155: 2 | G155: 3840 | H155: =VLOOKUP(B155,Sheet1!A:B,2,0) -> Shandong | I155: =VLOOKUP(C155,Sheet1!C:D,2,0) -> Tai'An | J155: 5T | K155: DRY | L155: ShandongTai'An5TDRY
B156: 山东 | C156: 威海 | D156: 3T | E156: 干货 | F156: 2 | G156: 2760 | H156: =VLOOKUP(B156,Sheet1!A:B,2,0) -> Shandong | I156: =VLOOKUP(C156,Sheet1!C:D,2,0) -> Weihai | J156: 3T | K156: DRY | L156: ShandongWeihai3TDRY
B157: 山东 | C157: 烟台 | D157: 3T | E157: 干货 | F157: 2 | G157: 2640 | H157: =VLOOKUP(B157,Sheet1!A:B,2,0) -> Shandong | I157: =VLOOKUP(C157,Sheet1!C:D,2,0) -> Yantai | J157: 3T | K157: DRY | L157: ShandongYantai3TDRY
B158: 上海 | C158: 上海 | D158: 10T | E158: 干货 | F158: 1 | G158: 816 | H158: =VLOOKUP(B158,Sheet1!A:B,2,0) -> Shanghai | I158: =VLOOKUP(C158,Sheet1!C:D,2,0) -> Shanghai | J158: 10T | K158: DRY | L158: ShanghaiShanghai10TDRY
B159: 上海 | C159: 上海 | D159: 3T | E159: 干货 | F159: 1 | G159: 300 | H159: =VLOOKUP(B159,Sheet1!A:B,2,0) -> Shanghai | I159: =VLOOKUP(C159,Sheet1!C:D,2,0) -> Shanghai | J159: 3T | K159: DRY | L159: ShanghaiShanghai3TDRY
B160: 上海 | C160: 上海 | D160: 5T | E160: 干货 | F160: 1 | G160: 600 | H160: =VLOOKUP(B160,Sheet1!A:B,2,0) -> Shanghai | I160: =VLOOKUP(C160,Sheet1!C:D,2,0) -> Shanghai | J160: 5T | K160: DRY | L160: ShanghaiShanghai5TDRY
B161: 上海 | C161: 上海 | D161: 8T | E161: 干货 | F161: 1 | G161: 720 | H161: =VLOOKUP(B161,Sheet1!A:B,2,0) -> Shanghai | I161: =VLOOKUP(C161,Sheet1!C:D,2,0) -> Shanghai | J161: 8T | K161: DRY | L161: ShanghaiShanghai8TDRY
B162: 上海 | C162: 上海 | D162: REF_3T | E162: 冷藏 | H162: =VLOOKUP(B162,Sheet1!A:B,2,0) -> Shanghai | I162: =VLOOKUP(C162,Sheet1!C:D,2,0) -> Shanghai | J162: REF_3T | K162: REEFER | L162: ShanghaiShanghaiREF_3TREEFER
B163: 上海 | C163: 上海 | D163: REF_5T | E163: 冷藏 | H163: =VLOOKUP(B163,Sheet1!A:B,2,0) -> Shanghai | I163: =VLOOKUP(C163,Sheet1!C:D,2,0) -> Shanghai | J163: REF_5T | K163: REEFER | L163: ShanghaiShanghaiREF_5TREEFER
B164: 上海 | C164: 上海 | D164: 40尺普柜 | E164: 干货 - 自备箱 | F164: 1 | G164: 1380 | H164: =VLOOKUP(B164,Sheet1!A:B,2,0) -> Shanghai | I164: =VLOOKUP(C164,Sheet1!C:D,2,0) -> Shanghai | J164: 40'GP | K164: DRY - SOC | L164: ShanghaiShanghai40'GPDRY - SOC
B165: 上海 | C165: 上海 | D165: 40尺高柜 | E165: 干货 - 自备箱 | F165: 1 | G165: 1380 | H165: =VLOOKUP(B165,Sheet1!A:B,2,0) -> Shanghai | I165: =VLOOKUP(C165,Sheet1!C:D,2,0) -> Shanghai | J165: 40'HQ | K165: DRY - SOC | L165: ShanghaiShanghai40'HQDRY - SOC
B166: 上海 | C166: 上海 | D166: 25T | E166: 干货 | F166: 1 | G166: 1380 | H166: =VLOOKUP(B166,Sheet1!A:B,2,0) -> Shanghai | I166: =VLOOKUP(C166,Sheet1!C:D,2,0) -> Shanghai | J166: 25T | K166: DRY | L166: ShanghaiShanghai25TDRY
B167: 陕西 | C167: 安康 | D167: 10T | E167: 干货 | F167: 3 | G167: 6600 | H167: Shanxi | I167: =VLOOKUP(C167,Sheet1!C:D,2,0) -> Ankang | J167: 10T | K167: DRY | L167: =H167&I167&J167&K167 -> ShanxiAnkang10TDRY
B168: 陕西 | C168: 安康 | D168: 15T | E168: 干货 | F168: 3 | G168: 11400 | H168: Shanxi | I168: =VLOOKUP(C168,Sheet1!C:D,2,0) -> Ankang | J168: 15T | K168: DRY | L168: =H168&I168&J168&K168 -> ShanxiAnkang15TDRY
B169: 陕西 | C169: 安康 | D169: 25T | E169: 干货 | F169: 3 | G169: 11640 | H169: Shanxi | I169: =VLOOKUP(C169,Sheet1!C:D,2,0) -> Ankang | J169: 25T | K169: DRY | L169: =H169&I169&J169&K169 -> ShanxiAnkang25TDRY
B170: 陕西 | C170: 安康 | D170: 26T | E170: 干货 | F170: 3 | G170: 11640 | H170: Shanxi | I170: =VLOOKUP(C170,Sheet1!C:D,2,0) -> Ankang | J170: 26T | K170: DRY | L170: =H170&I170&J170&K170 -> ShanxiAnkang26TDRY
B171: 陕西 | C171: 安康 | D171: 3T | E171: 干货 | F171: 3 | G171: 3960 | H171: Shanxi | I171: =VLOOKUP(C171,Sheet1!C:D,2,0) -> Ankang | J171: 3T | K171: DRY | L171: =H171&I171&J171&K171 -> ShanxiAnkang3TDRY
B172: 陕西 | C172: 安康 | D172: 5T | E172: 干货 | F172: 3 | G172: 5760 | H172: Shanxi | I172: =VLOOKUP(C172,Sheet1!C:D,2,0) -> Ankang | J172: 5T | K172: DRY | L172: =H172&I172&J172&K172 -> ShanxiAnkang5TDRY
B173: 陕西 | C173: 安康 | D173: 8T | E173: 干货 | F173: 3 | G173: 6240 | H173: Shanxi | I173: =VLOOKUP(C173,Sheet1!C:D,2,0) -> Ankang | J173: 8T | K173: DRY | L173: =H173&I173&J173&K173 -> ShanxiAnkang8TDRY
B174: 陕西 | C174: 安康 | D174: 20'GP | E174: 干货 - 自备箱 | F174: 3 | G174: 7560 | H174: Shanxi | I174: =VLOOKUP(C174,Sheet1!C:D,2,0) -> Ankang | J174: 20'GP | K174: DRY - SOC | L174: =H174&I174&J174&K174 -> ShanxiAnkang20'GPDRY - SOC
B175: 陕西 | C175: 安康 | D175: 40尺高柜 | E175: 干货 - 自备箱 | F175: 3 | G175: 11940 | H175: Shanxi | I175: =VLOOKUP(C175,Sheet1!C:D,2,0) -> Ankang | J175: 40'HQ | K175: DRY - SOC | L175: =H175&I175&J175&K175 -> ShanxiAnkang40'HQDRY - SOC
B176: 浙江 | C176: 湖州 | D176: 25T | E176: 干货 | F176: 1 | G176: 2700 | H176: =VLOOKUP(B176,Sheet1!A:B,2,0) -> Zhejiang | I176: =VLOOKUP(C176,Sheet1!C:D,2,0) -> Huzhou | J176: 25T | K176: DRY | L176: ZhejiangHuzhou25TDRY
B177: 浙江 | C177: 湖州 | D177: 26T | E177: 干货 | F177: 1 | G177: 2820 | H177: =VLOOKUP(B177,Sheet1!A:B,2,0) -> Zhejiang | I177: =VLOOKUP(C177,Sheet1!C:D,2,0) -> Huzhou | J177: 26T | K177: DRY | L177: ZhejiangHuzhou26TDRY
B178: 浙江 | C178: 湖州 | D178: 3T | E178: 干货 | F178: 1 | G178: 780 | H178: =VLOOKUP(B178,Sheet1!A:B,2,0) -> Zhejiang | I178: =VLOOKUP(C178,Sheet1!C:D,2,0) -> Huzhou | J178: 3T | K178: DRY | L178: ZhejiangHuzhou3TDRY
B179: 浙江 | C179: 湖州 | D179: 5T | E179: 干货 | F179: 1 | G179: 1380 | H179: =VLOOKUP(B179,Sheet1!A:B,2,0) -> Zhejiang | I179: =VLOOKUP(C179,Sheet1!C:D,2,0) -> Huzhou | J179: 5T | K179: DRY | L179: ZhejiangHuzhou5TDRY
B180: 浙江 | C180: 湖州 | D180: 8T | E180: 干货 | F180: 1 | G180: 1512 | H180: =VLOOKUP(B180,Sheet1!A:B,2,0) -> Zhejiang | I180: =VLOOKUP(C180,Sheet1!C:D,2,0) -> Huzhou | J180: 8T | K180: DRY | L180: ZhejiangHuzhou8TDRY
B181: 浙江 | C181: 湖州 | D181: 40尺高柜 | E181: 干货 - 自备箱 | F181: 1 | G181: 2640 | H181: =VLOOKUP(B181,Sheet1!A:B,2,0) -> Zhejiang | I181: =VLOOKUP(C181,Sheet1!C:D,2,0) -> Huzhou | J181: 40'HQ | K181: DRY - SOC | L181: ZhejiangHuzhou40'HQDRY - SOC
B182: 浙江 | C182: 宁波 | D182: 12T | E182: 干货 | F182: 1 | G182: 1620 | H182: =VLOOKUP(B182,Sheet1!A:B,2,0) -> Zhejiang | I182: =VLOOKUP(C182,Sheet1!C:D,2,0) -> Ningbo | J182: 12T | K182: DRY | L182: ZhejiangNingbo12TDRY
B183: 浙江 | C183: 宁波 | D183: 3T | E183: 干货 | F183: 1 | G183: 624 | H183: =VLOOKUP(B183,Sheet1!A:B,2,0) -> Zhejiang | I183: =VLOOKUP(C183,Sheet1!C:D,2,0) -> Ningbo | J183: 3T | K183: DRY | L183: ZhejiangNingbo3TDRY
...

Sheet 零担费率
B1: 零担费率
B2: 费率由运输部（MOT）审定。所报费率不得以捆绑中标为条件。
B4: 目的地
B5: SHDR DC1（主配送中心）：上海临港新城普洛斯临港物流园洋浩路575号， 中国上海市浦东新区
B6: TDSC 配送中心：上海市奉贤区航塘公路3088号C栋3楼迪士尼商店仓库，开瑞益上海配送中心C3，上海市奉贤区航塘公路3088号
F8: SHDR DC1/TDSC DC
B9: 币种：人民币 | C9: 不含增值税 | F9: 费率（人民币）
B10: 出发省份 | C10: 出发城市 | D10: 2027年预测货量合计（立方米） | E10: 历史发运次数 | F10: 运输天数（不含提货日） | G10: 最低收费（人民币）不含增值税 | H10: 费率（人民币/公斤）不含增值税
B11: 安徽 | C11: 巢湖 | D11: 227.23304 | E11: 11 | F11: 2 | G11: 280 | H11: 0.3976
B12: 安徽 | C12: 滁州 | D12: 21.71286 | E12: 2 | F12: 3 | G12: 280 | H12: 0.4108
B13: 安徽 | C13: 天长 | D13: 154.52583 | E13: 20 | F13: 2 | G13: 280 | H13: 0.4639
B14: 安徽 | C14: 宣城 | D14: 7.2174 | E14: 2 | F14: 2 | G14: 280 | H14: 0.3976
B15: 福建 | C15: 泉州 | D15: 91.57886 | E15: 10 | F15: 3 | G15: 300 | H15: 0.5964
B16: 福建 | C16: 石狮 | D16: 86.01258 | E16: 65 | F16: 3 | G16: 300 | H16: 0.5964
B17: 福建 | C17: 厦门 | D17: 19.488026 | E17: 8 | F17: 3 | G17: 300 | H17: 0.5633
B18: 福建 | C18: 漳州 | D18: 105.74955 | E18: 22 | F18: 3 | G18: 300 | H18: 0.5633
B19: 广东 | C19: 潮州 | D19: 203.64365 | E19: 16 | F19: 3 | G19: 350 | H19: 0.5964
B20: 广东 | C20: 东莞 | D20: 3200.3876 | E20: 450 | F20: 3 | G20: 350 | H20: 0.5964
B21: 广东 | C21: 佛山 | D21: 13.998618 | E21: 2 | F21: 3 | G21: 350 | H21: 0.5964
B22: 广东 | C22: 广州 | D22: 11.6629 | E22: 1 | F22: 3 | G22: 350 | H22: 0.5964
... B60: 浙江 | C60: 台州 | D60: 0.6084 | E60: 1 | F60: 2 | G60: 280 | H60: 0.3645
B61: 北海 | C61: 广西 | F61: 5 | G61: 350 | H61: 0.7289
B62: 温州 | C62: 浙江 | F62: 2 | G62: 280 | H62: 0.3645

Sheet Sheet1
A2: 起始省份 | B2: 起始省份 | C2: 起始城市 | D2: 起始城市
A3: 安徽 | B3: Anhui | C3: 安康 | D3: Ankang
A4: 福建 | B4: Fujian | C4: 北海 | D4: Beihai
A5: 广东 | B5: Guangdong | C5: 常州 | D5: Changzhou
A6: 广西 | B6: Guangxi | C6: 巢湖 | D6: Chaohu
A7: 河北 | B7: Hebei | C7: 郴州 | D7: Chenzhou
A8: 湖南 | B8: Hunan | C8: 东莞 | D8: Dongguan
A9: 江苏 | B9: Jiangsu | C9: 佛山 | D9: Foshan
A10: 江西 | B10: Jiangxi | C10: 赣州 | D10: Ganzhou
A11: 山东 | B11: Shandong | C11: 河池 | D11: Hechi
A12: 山西 | B12: Shanxi | C12: 河间 | D12: Hejian
A13: 上海 | B13: Shanghai | C13: 河源 | D13: Heyuan
A14: 浙江 | B14: Zhejiang | C14: 湖州 | D14: Huzhou
C15: 惠州 | D15: Huizhou
C16: 江门 | D16: Jiangmen
C17: 连云港 | D17: Lianyungang
C18: 南昌 | D18: Nanchang
C19: 宁波 | D19: Ningbo
C20: 平湖 | D20: Pinghu
C21: 浦北 | D21: Pubei
C22: 钦州 | D22: Qinzhou
C23: 青岛 | D23: Qingdao
C24: 泉州 | D24: Quanzhou
C25: 汕头 | D25: Shantou
C26: 上海 | D26: Shanghai
... C41: 资兴 | D41: Zixing
