Workbook
Name airvendorbuyer: #REF!
Name qryFiscalFeu_Main: #REF!

Sheet TL Capacities
B2: Loading Capacity
B3: Dry & Hazmat truck
B4: Equipment Type | C4: Physical loading capacity
B5: 3T | C5: 12
B6: 5T | C6: 23
B7: 8T | C7: 32
B8: 10T | C8: 40
B9: 12T | C9: 45
B10: 15T | C10: 55
B11: 25T | C11: 90
B12: 26T | C12: 110
B13: 30T | C13: 145
B14: 20' Container | C14: 28
B15: 40'Container | C15: 58
B16: 40'HQ Container | C16: 68

Sheet FTL
B1: FULL TRUCK RATES | Z1: P&L | AC1: Type | AD1: 車次 | AE1: AR | AF1: AP | AG1: 毛利(年,RMB) | AH1: 毛利(年,%)
B2: Rates to be awarded by MOT. Rates submitted must not be contingent upon bundled award. | AC2: FTL | AD2: =SUM(AD11:AD415) -> 1157 | AE2: =SUM(AE11:AE415) -> 5967953 | AF2: =SUM(AF11:AF415) -> 5892350 | AG2: =AE2-AF2 -> 75603 | AH2: =AG2/AF2 -> 0.012830704
AC3: LTL | AE3: =SUM(LTL!AA11:AA62) -> 2081093.3 | AF3: =SUM(LTL!AB11:AB62) -> 1891053.9 | AG3: =AE3-AF3 -> 190039.34 | AH3: =AG3/AF3 -> 0.10049388
B4: Destinations | AC4: 國內海運 | AE4: ='Domestic Ocean'!P11 -> 113136 | AF4: ='Domestic Ocean'!Q11 -> 94280 | AG4: =AE4-AF4 -> 18856 | AH4: =AG4/AF4 -> 0.2
B5: SHDR DC1(Main DC):上海临港新城普洛斯临港物流园洋浩路575号 No.575 Yanghao Road, Pudong New District, Shanghai, China | AC5: 客服成本 | AE5: 0 | AF5: =15000*12*0.5 -> 90000 | AG5: =AE5-AF5 -> -90000
B6: TDSC DC:上海市奉贤区航塘公路3088号C栋3楼DISNEY STORE WAREHOUSE,KERRYEAS SHANGHAI DISTRIBUTION CENTER C3,3088 HANGTANG HIGHWAY,FENGXIAN DISTRICT, SHANGHAI | AC6: 調度成本 | AE6: 0 | AF6: =10000*12*1 -> 120000 | AG6: =AE6-AF6 -> -120000
B7: Currency :RMB | C7: Exclude VAT | AC7: 系统对接成本 | AE7: 0 | AF7: 60000 | AG7: =AE7-AF7 -> -60000
AC8: 保险成本 | AE8: 0 | AF8: 0 | AG8: =AE8-AF8 -> 0
H9: SHDR DC1/TDSC DC | I9: AP | L9: AP | Q9: AP | AC9: 綜合評估 | AE9: =SUM(AE2:AE8) -> 8162182.3 | AF9: =SUM(AF2:AF8) -> 8147683.9 | AG9: =SUM(AG2:AG8) -> 14498.34 | AH9: =AG9/AF9 -> 0.0017794431
B10: From Province | C10: From City | D10: 省 | E10: 市 | F10: Lorry Size | G10: Temperature | H10: SHDR DC1/TDSC DC | I10: Rate (RMB) Excluding VAT | J10: REMARK | K10: 产品归属 | L10: 蔡焱南8/27 12:00报价 | M10: 运输天数 (不含提货日) | N10: 蔡焱南8/27报价 | O10: 蔡焱南8/27 12:00报价 | P10: 8/27目標價 | Q10: 王峰8/26报价 | R10: 运输天数 (不含提货日) | S10: 價格 | T10: 比對結果 | U10: I-L欄 | V10: (I-L)/I | W10: AR | Y10: Accessorial Description | Z10: Accessorial Charge per Occurrence (RMB) | AB10: 利潤 | AC10: AR (RMB） | AD10: 預計貨量 | AE10: 預計營收 | AF10: 預計成本
A11: =B11&C11&F11&G11 -> AnhuiChaohu10TDRY | B11: Anhui | C11: Chaohu | D11: 安徽 | E11: 巢湖 | F11: 10T | G11: DRY | H11: 1 | I11: 2750 | K11: 华东-孙理想 | L11: =VLOOKUP(A11,'供應商0827 - 1200更新線路報價'!A:H,8,0) -> 2430 | M11: 1 | N11: 2200 | O11: =IFERROR(VLOOKUP(B11&C11&F11&G11,'供應商0827 - 1200更新線路報價'!A:H,8,0),"") -> 2430 | Q11: 2430 | R11: 1 | S11: =MIN(I11,L11,Q11) -> 2430 | T11: =IF(S11=I11,"總部產品",IF(S11=L11,"蔡焱南","王峰")) -> 蔡焱南 | U11: =I11-L11 -> 320 | V11: =U11/I11 -> 0.11636364 | W11: =I11 -> 2750 | Y11: Stop off charge (¥) | AB11: =AC11/I11-1 -> 0 | AC11: =W11 -> 2750 | AD11: =IFERROR(VLOOKUP(B11&C11&F11,'FTL volume (customer provided)'!B:E,4,0),"") | AE11: =IFERROR(AC11*AD11,"") | AF11: =IFERROR(AD11*I11,"")
A12: =B12&C12&F12&G12 -> AnhuiChaohu12TDRY | B12: Anhui | C12: Chaohu | D12: 安徽 | E12: 巢湖 | F12: 12T | G12: DRY | H12: 1 | I12: 2850 | K12: 华东-孙理想 | L12: =VLOOKUP(A12,'供應商0827 - 1200更新線路報價'!A:H,8,0) -> 2310 | M12: 1 | N12: 2310 | O12: =IFERROR(VLOOKUP(B12&C12&F12&G12,'供應商0827 - 1200更新線路報價'!A:H,8,0),"") -> 2310 | Q12: 2760 | R12: 1 | S12: =MIN(I12,L12,Q12) -> 2310 | T12: =IF(S12=I12,"總部產品",IF(S12=L12,"蔡焱南","王峰")) -> 蔡焱南 | U12: =I12-L12 -> 540 | V12: =U12/I12 -> 0.18947368 | W12: =I12 -> 2850 | Y12: Tallyman Fee (¥)* | AB12: =AC12/I12-1 -> 0 | AC12: =W12 -> 2850 | AD12: =IFERROR(VLOOKUP(B12&C12&F12,'FTL volume (customer provided)'!B:E,4,0),"") | AE12: =IFERROR(AC12*AD12,"") | AF12: =IFERROR(AD12*I12,"")
A13: =B13&C13&F13&G13 -> AnhuiChaohu15TDRY | B13: Anhui | C13: Chaohu | D13: 安徽 | E13: 巢湖 | F13: 15T | G13: DRY | H13: 1 | I13: 3000 | K13: 华东-孙理想 | L13: =VLOOKUP(A13,'供應商0827 - 1200更新線路報價'!A:H,8,0) -> 2595 | M13: 1 | N13: 2593.5 | O13: =IFERROR(VLOOKUP(B13&C13&F13&G13,'供應商0827 - 1200更新線路報價'!A:H,8,0),"") -> 2595 | Q13: 2980 | R13: 1 | S13: =MIN(I13,L13,Q13) -> 2595 | T13: =IF(S13=I13,"總部產品",IF(S13=L13,"蔡焱南","王峰")) -> 蔡焱南 | U13: =I13-L13 -> 405 | V13: =U13/I13 -> 0.135 | W13: =I13 -> 3000 | Y13: HAZMAT (¥) | AB13: =AC13/I13-1 -> 0 | AC13: =W13 -> 3000 | AD13: =IFERROR(VLOOKUP(B13&C13&F13,'FTL volume (customer provided)'!B:E,4,0),"") | AE13: =IFERROR(AC13*AD13,"") | AF13: =IFERROR(AD13*I13,"")
A14: =B14&C14&F14&G14 -> AnhuiChaohu26TDRY | B14: Anhui | C14: Chaohu | D14: 安徽 | E14: 巢湖 | F14: 26T | G14: DRY | H14: 1 | I14: 4250 | K14: 华东-孙理想 | L14: =VLOOKUP(A14,'供應商0827 - 1200更新線路報價'!A:H,8,0) -> 3975 | M14: 1 | N14: 3400 | O14: =IFERROR(VLOOKUP(B14&C14&F14&G14,'供應商0827 - 1200更新線路報價'!A:H,8,0),"") -> 3975 | Q14: 3975 | R14: 1 | S14: =MIN(I14,L14,Q14) -> 3975 | T14: =IF(S14=I14,"總部產品",IF(S14=L14,"蔡焱南","王峰")) -> 蔡焱南 | U14: =I14-L14 -> 275 | V14: =U14/I14 -> 0.064705882 | W14: =ROUNDUP(I14*1.02,0) -> 4335 | Y14: Empty Fee (truck ordered, not used) (¥) | AB14: =AC14/I14-1 -> 0.02 | AC14: =W14 -> 4335 | AD14: =IFERROR(VLOOKUP(B14&C14&F14,'FTL volume (customer provided)'!B:E,4,0),"") -> 328 | AE14: =IFERROR(AC14*AD14,"") -> 1421880 | AF14: =IFERROR(AD14*I14,"") -> 1394000
A15: =B15&C15&F15&G15 -> AnhuiChaohu3TDRY | B15: Anhui | C15: Chaohu | D15: 安徽 | E15: 巢湖 | F15: 3T | G15: DRY | H15: 1 | I15: 1450 | K15: 华东-孙理想 | L15: =VLOOKUP(A15,'供應商0827 - 1200更新線路報價'!A:H,8,0) -> 1220 | M15: 1 | N15: 1160 | O15: =IFERROR(VLOOKUP(B15&C15&F15&G15,'供應商0827 - 1200更新線路報價'!A:H,8,0),"") -> 1220 | Q15: 1220 | R15: 1 | S15: =MIN(I15,L15,Q15) -> 1220 | T15: =IF(S15=I15,"總部產品",IF(S15=L15,"蔡焱南","王峰")) -> 蔡焱南 | U15: =I15-L15 -> 230 | V15: =U15/I15 -> 0.15862069 | W15: =I15 -> 1450 | AB15: =AC15/I15-1 -> 0 | AC15: =W15 -> 1450 | AD15: =IFERROR(VLOOKUP(B15&C15&F15,'FTL volume (customer provided)'!B:E,4,0),"") | AE15: =IFERROR(AC15*AD15,"") | AF15: =IFERROR(AD15*I15,"")
A16: =B16&C16&F16&G16 -> AnhuiChaohu5TDRY | B16: Anhui | C16: Chaohu | D16: 安徽 | E16: 巢湖 | F16: 5T | G16: DRY | H16: 1 | I16: 2450 | K16: 华东-孙理想 | L16: =VLOOKUP(A16,'供應商0827 - 1200更新線路報價'!A:H,8,0) -> 2100 | M16: 1 | N16: 1960 | O16: =IFERROR(VLOOKUP(B16&C16&F16&G16,'供應商0827 - 1200更新線路報價'!A:H,8,0),"") -> 2100 | Q16: 2100 | R16: 1 | S16: =MIN(I16,L16,Q16) -> 2100 | T16: =IF(S16=I16,"總部產品",IF(S16=L16,"蔡焱南","王峰")) -> 蔡焱南 | U16: =I16-L16 -> 350 | V16: =U16/I16 -> 0.14285714 | W16: =I16 -> 2450 | AB16: =AC16/I16-1 -> 0 | AC16: =W16 -> 2450 | AD16: =IFERROR(VLOOKUP(B16&C16&F16,'FTL volume (customer provided)'!B:E,4,0),"") | AE16: =IFERROR(AC16*AD16,"") | AF16: =IFERROR(AD16*I16,"")
A17: =B17&C17&F17&G17 -> AnhuiChaohu8TDRY | B17: Anhui | C17: Chaohu | D17: 安徽 | E17: 巢湖 | F17: 8T | G17: DRY | H17: 1 | I17: 2550 | K17: 华东-孙理想 | L17: =VLOOKUP(A17,'供應商0827 - 1200更新線路報價'!A:H,8,0) -> 2205 | M17: 1 | N17: 2040 | O17: =IFERROR(VLOOKUP(B17&C17&F17&G17,'供應商0827 - 1200更新線路報價'!A:H,8,0),"") -> 2205 | Q17: 2205 | R17: 1 | S17: =MIN(I17,L17,Q17) -> 2205 | T17: =IF(S17=I17,"總部產品",IF(S17=L17,"蔡焱南","王峰")) -> 蔡焱南 | U17: =I17-L17 -> 345 | V17: =U17/I17 -> 0.13529412 | W17: =I17 -> 2550 | AB17: =AC17/I17-1 -> 0 | AC17: =W17 -> 2550 | AD17: =IFERROR(VLOOKUP(B17&C17&F17,'FTL volume (customer provided)'!B:E,4,0),"") | AE17: =IFERROR(AC17*AD17,"") | AF17: =IFERROR(AD17*I17,"")
A18: =B18&C18&F18&G18 -> AnhuiChaohu40'HQDRY - SOC | B18: Anhui | C18: Chaohu | D18: 安徽 | E18: 巢湖 | F18: 40'HQ | G18: DRY - SOC | H18: 1 | I18: 3750 | K18: 华东-孙理想 | L18: =VLOOKUP(A18,'供應商0827 - 1200更新線路報價'!A:H,8,0) -> 3860 | M18: 1 | N18: 3750 | O18: =IFERROR(VLOOKUP(B18&C18&F18&G18,'供應商0827 - 1200更新線路報價'!A:H,8,0),"") -> 3860 | Q18: 3860 | R18: 1 | S18: =MIN(I18,L18,Q18) -> 3750 | T18: =IF(L18=S18,"蔡焱南",IF(S18=I18,"總部產品",IF(S18=L18,"蔡焱南","王峰"))) -> 總部產品 | U18: =I18-L18 -> -110 | V18: =U18/I18 -> -0.029333333 | W18: =ROUNDUP(I18*1.02,0) -> 3825 | AB18: =AC18/I18-1 -> 0.02 | AC18: =W18 -> 3825 | AD18: =IFERROR(VLOOKUP(B18&C18&F18,'FTL volume (customer provided)'!B:E,4,0),"") -> 20 | AE18: =IFERROR(AC18*AD18,"") -> 76500 | AF18: =IFERROR(AD18*I18,"") -> 75000
A19: =B19&C19&F19&G19 -> AnhuiTianchang10TDRY | B19: Anhui | C19: Tianchang | D19: 安徽 | E19: 天长 | F19: 10T | G19: DRY | H19: 1 | I19: 2450 | K19: 华东-孙理想 | L19: =VLOOKUP(A19,'供應商0827 - 1200更新線路報價'!A:H,8,0) -> 2205 | M19: 1 | N19: 2047.5 | O19: =IFERROR(VLOOKUP(B19&C19&F19&G19,'供應商0827 - 1200更新線路報價'!A:H,8,0),"") -> 2205 | Q19: 2205 | R19: 1 | S19: =MIN(I19,L19,Q19) -> 2205 | T19: =IF(S19=I19,"總部產品",IF(S19=L19,"蔡焱南","王峰")) -> 蔡焱南 | U19: =I19-L19 -> 245 | V19: =U19/I19 -> 0.1 | W19: =I19 -> 2450 | AB19: =AC19/I19-1 -> 0 | AC19: =W19 -> 2450 | AD19: =IFERROR(VLOOKUP(B19&C19&F19,'FTL volume (customer provided)'!B:E,4,0),"") | AE19: =IFERROR(AC19*AD19,"") | AF19: =IFERROR(AD19*I19,"")
A20: =B20&C20&F20&G20 -> AnhuiTianchang12TDRY | B20: Anhui | C20: Tianchang | D20: 安徽 | E20: 天长 | F20: 12T | G20: DRY | H20: 1 | I20: 2550 | K20: 华东-孙理想 | L20: =VLOOKUP(A20,'供應商0827 - 1200更新線路報價'!A:H,8,0) -> 2540 | M20: 1 | N20: 3097.5 | O20: =IFERROR(VLOOKUP(B20&C20&F20&G20,'供應商0827 - 1200更新線路報價'!A:H,8,0),"") -> 2540 | P20: 2540 | Q20: 2540 | R20: 1 | S20: =MIN(I20,L20,Q20) -> 2540 | T20: =IF(L20=S20,"蔡焱南",IF(S20=I20,"總部產品",IF(S20=L20,"蔡焱南","王峰"))) -> 蔡焱南 | U20: =I20-L20 -> 10 | V20: =U20/I20 -> 0.0039215686 | W20: =ROUNDUP(I20*1.02,0) -> 2601 | AB20: =AC20/I20-1 -> 0.02 | AC20: =W20 -> 2601 | AD20: =IFERROR(VLOOKUP(B20&C20&F20,'FTL volume (customer provided)'!B:E,4,0),"") | AE20: =IFERROR(AC20*AD20,"") | AF20: =IFERROR(AD20*I20,"")
A21: =B21&C21&F21&G21 -> AnhuiTianchang15TDRY | B21: Anhui | C21: Tianchang | D21: 安徽 | E21: 天长 | F21: 15T | G21: DRY | H21: 1 | I21: 2650 | K21: 华东-孙理想 | L21: =VLOOKUP(A21,'供應商0827 - 1200更新線路報價'!A:H,8,0) -> 2760 | M21: 1 | N21: 2650 | O21: =IFERROR(VLOOKUP(B21&C21&F21&G21,'供應商0827 - 1200更新線路報價'!A:H,8,0),"") -> 2760 | Q21: 2760 | R21: 1 | S21: =MIN(I21,L21,Q21) -> 2650 | T21: 蔡焱南 | U21: =I21-L21 -> -110 | V21: =U21/I21 -> -0.041509434 | W21: =ROUNDUP(I21*1.02,0) -> 2703 | AB21: =AC21/I21-1 -> 0.02 | AC21: =W21 -> 2703 | AD21: =IFERROR(VLOOKUP(B21&C21&F21,'FTL volume (customer provided)'!B:E,4,0),"") -> 7 | AE21: =IFERROR(AC21*AD21,"") -> 18921 | AF21: =IFERROR(AD21*I21,"") -> 18550
A22: =B22&C22&F22&G22 -> AnhuiTianchang25TDRY | B22: Anhui | C22: Tianchang | D22: 安徽 | E22: 天长 | F22: 25T | G22: DRY | H22: 1 | I22: 3150 | K22: 华东-孙理想 | L22: =VLOOKUP(A22,'供應商0827 - 1200更新線路報價'!A:H,8,0) -> 3640 | M22: 1 | N22: 3150 | O22: =IFERROR(VLOOKUP(B22&C22&F22&G22,'供應商0827 - 1200更新線路報價'!A:H,8,0),"") -> 3640 | Q22: 3640 | R22: 1 | S22: =MIN(I22,L22,Q22) -> 3150 | T22: 蔡焱南 | U22: =I22-L22 -> -490 | V22: =U22/I22 -> -0.15555556 | W22: =I22*1.06 -> 3339 | AB22: =AC22/I22-1 -> 0.06 | AC22: =W22 -> 3339 | AD22: =IFERROR(VLOOKUP(B22&C22&F22,'FTL volume (customer provided)'!B:E,4,0),"") -> 127 | AE22: =IFERROR(AC22*AD22,"") -> 424053 | AF22: =IFERROR(AD22*I22,"") -> 400050
A23: =B23&C23&F23&G23 -> AnhuiTianchang26TDRY | B23: Anhui | C23: Tianchang | D23: 安徽 | E23: 天长 | F23: 26T | G23: DRY | H23: 1 | I23: 3450 | K23: 华东-孙理想 | L23: =VLOOKUP(A23,'供應商0827 - 1200更新線路報價'!A:H,8,0) -> 3640 | M23: 1 | N23: 3450 | O23: =IFERROR(VLOOKUP(B23&C23&F23&G23,'供應商0827 - 1200更新線路報價'!A:H,8,0),"") -> 3640 | Q23: 3640 | R23: 1 | S23: =MIN(I23,L23,Q23) -> 3450 | T23: 蔡焱南 | U23: =I23-L23 -> -190 | V23: =U23/I23 -> -0.055072464 | W23: =ROUNDUP(I23*1.02,0) -> 3519 | AB23: =AC23/I23-1 -> 0.02 | AC23: =W23 -> 3519 | AD23: =IFERROR(VLOOKUP(B23&C23&F23,'FTL volume (customer provided)'!B:E,4,0),"") | AE23: =IFERROR(AC23*AD23,"") | AF23: =IFERROR(AD23*I23,"")
A24: =B24&C24&F24&G24 -> AnhuiTianchang3TDRY | B24: Anhui | C24: Tianchang | D24: 安徽 | E24: 天长 | F24: 3T | G24: DRY | H24: 1 | I24: 1400 | K24: 华东-孙理想 | L24: =VLOOKUP(A24,'供應商0827 - 1200更新線路報價'!A:H,8,0) -> 1195 | M24: 1 | N24: 1120 | O24: =IFERROR(VLOOKUP(B24&C24&F24&G24,'供應商0827 - 1200更新線路報價'!A:H,8,0),"") -> 1195 | Q24: 1195 | R24: 1 | S24: =MIN(I24,L24,Q24) -> 1195 | T24: =IF(S24=I24,"總部產品",IF(S24=L24,"蔡焱南","王峰")) -> 蔡焱南 | U24: =I24-L24 -> 205 | V24: =U24/I24 -> 0.14642857 | W24: =I24 -> 1400 | AB24: =AC24/I24-1 -> 0 | AC24: =W24 -> 1400 | AD24: =IFERROR(VLOOKUP(B24&C24&F24,'FTL volume (customer provided)'!B:E,4,0),"") | AE24: =IFERROR(AC24*AD24,"") | AF24: =IFERROR(AD24*I24,"")
A25: =B25&C25&F25&G25 -> AnhuiTianchang5TDRY | B25: Anhui | C25: Tianchang | D25: 安徽 | E25: 天长 | F25: 5T | G25: DRY | H25: 1 | I25: 2250 | K25: 华东-孙理想 | L25: =VLOOKUP(A25,'供應商0827 - 1200更新線路報價'!A:H,8,0) -> 1990 | M25: 1 | N25: 1800 | O25: =IFERROR(VLOOKUP(B25&C25&F25&G25,'供應商0827 - 1200更新線路報價'!A:H,8,0),"") -> 1990 | Q25: 1990 | R25: 1 | S25: =MIN(I25,L25,Q25) -> 1990 | T25: =IF(S25=I25,"總部產品",IF(S25=L25,"蔡焱南","王峰")) -> 蔡焱南 | U25: =I25-L25 -> 260 | V25: =U25/I25 -> 0.11555556 | W25: =I25 -> 2250 | AB25: =AC25/I25-1 -> 0 | AC25: =W25 -> 2250 | AD25: =IFERROR(VLOOKUP(B25&C25&F25,'FTL volume (customer provided)'!B:E,4,0),"") | AE25: =IFERROR(AC25*AD25,"") | AF25: =IFERROR(AD25*I25,"")
A26: =B26&C26&F26&G26 -> AnhuiTianchang8TDRY | B26: Anhui | C26: Tianchang | D26: 安徽 | E26: 天长 | F26: 8T | G26: DRY | H26: 1 | I26: 2350 | K26: 华东-孙理想 | L26: =VLOOKUP(A26,'供應商0827 - 1200更新線路報價'!A:H,8,0) -> 1990 | M26: 1 | N26: 1880 | O26: =IFERROR(VLOOKUP(B26&C26&F26&G26,'供應商0827 - 1200更新線路報價'!A:H,8,0),"") -> 1990 | Q26: 1990 | R26: 1 | S26: =MIN(I26,L26,Q26) -> 1990 | T26: =IF(S26=I26,"總部產品",IF(S26=L26,"蔡焱南","王峰")) -> 蔡焱南 | U26: =I26-L26 -> 360 | V26: =U26/I26 -> 0.15319149 | W26: =I26 -> 2350 | AB26: =AC26/I26-1 -> 0 | AC26: =W26 -> 2350 | AD26: =IFERROR(VLOOKUP(B26&C26&F26,'FTL volume (customer provided)'!B:E,4,0),"") | AE26: =IFERROR(AC26*AD26,"") | AF26: =IFERROR(AD26*I26,"")
A27: =B27&C27&F27&G27 -> AnhuiTianchang40'HQDRY - SOC | B27: Anhui | C27: Tianchang | D27: 安徽 | E27: 天长 | F27: 40'HQ | G27: DRY - SOC | H27: 1 | I27: 3750 | K27: 华东-孙理想 | L27: =VLOOKUP(A27,'供應商0827 - 1200更新線路報價'!A:H,8,0) -> 3640 | M27: 1 | N27: 3360 | O27: =IFERROR(VLOOKUP(B27&C27&F27&G27,'供應商0827 - 1200更新線路報價'!A:H,8,0),"") -> 3640 | Q27: 3640 | R27: 1 | S27: =MIN(I27,L27,Q27) -> 3640 | T27: =IF(S27=I27,"總部產品",IF(S27=L27,"蔡焱南","王峰")) -> 蔡焱南 | U27: =I27-L27 -> 110 | V27: =U27/I27 -> 0.029333333 | W27: =ROUNDUP(I27*1.02,0) -> 3825 | AB27: =AC27/I27-1 -> 0.02 | AC27: =W27 -> 3825 | AD27: =IFERROR(VLOOKUP(B27&C27&F27,'FTL volume (customer provided)'!B:E,4,0),"") | AE27: =IFERROR(AC27*AD27,"") | AF27: =IFERROR(AD27*I27,"")
A28: =B28&C28&F28&G28 -> AnhuiXuancheng26TDRY | B28: Anhui | C28: Xuancheng | D28: 安徽 | E28: 宣城 | F28: 26T | G28: DRY | H28: 1 | I28: 3050 | K28: 华东-孙理想 | L28: =VLOOKUP(A28,'供應商0827 - 1200更新線路報價'!A:H,8,0) -> 3200 | M28: 1 | N28: 3050 | O28: =IFERROR(VLOOKUP(B28&C28&F28&G28,'供應商0827 - 1200更新線路報價'!A:H,8,0),"") -> 3200 | Q28: 3200 | R28: 1 | S28: =MIN(I28,L28,Q28) -> 3050 | T28: 蔡焱南 | U28: =I28-L28 -> -150 | V28: =U28/I28 -> -0.049180328 | W28: =ROUNDUP(I28*1.02,0) -> 3111 | AB28: =AC28/I28-1 -> 0.02 | AC28: =W28 -> 3111 | AD28: =IFERROR(VLOOKUP(B28&C28&F28,'FTL volume (customer provided)'!B:E,4,0),"") | AE28: =IFERROR(AC28*AD28,"") | AF28: =IFERROR(AD28*I28,"")
A29: =B29&C29&F29&G29 -> AnhuiXuancheng3TDRY | B29: Anhui | C29: Xuancheng | D29: 安徽 | E29: 宣城 | F29: 3T | G29: DRY | H29: 1 | I29: 1150 | K29: 华东-孙理想 | L29: =VLOOKUP(A29,'供應商0827 - 1200更新線路報價'!A:H,8,0) -> 1105 | M29: 1 | N29: 920 | O29: =IFERROR(VLOOKUP(B29&C29&F29&G29,'供應商0827 - 1200更新線路報價'!A:H,8,0),"") -> 1105 | Q29: 1105 | R29: 1 | S29: =MIN(I29,L29,Q29) -> 1105 | T29: =IF(S29=I29,"總部產品",IF(S29=L29,"蔡焱南","王峰")) -> 蔡焱南 | U29: =I29-L29 -> 45 | V29: =U29/I29 -> 0.039130435 | W29: =ROUNDUP(I29*1.02,0) -> 1173 | AB29: =AC29/I29-1 -> 0.02 | AC29: =W29 -> 1173 | AD29: =IFERROR(VLOOKUP(B29&C29&F29,'FTL volume (customer provided)'!B:E,4,0),"") | AE29: =IFERROR(AC29*AD29,"") | AF29: =IFERROR(AD29*I29,"")
A30: =B30&C30&F30&G30 -> AnhuiXuancheng5TDRY | B30: Anhui | C30: Xuancheng | D30: 安徽 | E30: 宣城 | F30: 5T | G30: DRY | H30: 1 | I30: 1850 | K30: 华东-孙理想 | L30: =VLOOKUP(A30,'供應商0827 - 1200更新線路報價'!A:H,8,0) -> 1655 | M30: 1 | N30: 1480 | O30: =IFERROR(VLOOKUP(B30&C30&F30&G30,'供應商0827 - 1200更新線路報價'!A:H,8,0),"") -> 1655 | Q30: 1655 | R30: 1 | S30: =MIN(I30,L30,Q30) -> 1655 | T30: =IF(S30=I30,"總部產品",IF(S30=L30,"蔡焱南","王峰")) -> 蔡焱南 | U30: =I30-L30 -> 195 | V30: =U30/I30 -> 0.10540541 | W30: =I30 -> 1850 | AB30: =AC30/I30-1 -> 0 | AC30: =W30 -> 1850 | AD30: =IFERROR(VLOOKUP(B30&C30&F30,'FTL volume (customer provided)'!B:E,4,0),"") | AE30: =IFERROR(AC30*AD30,"") | AF30: =IFERROR(AD30*I30,"")
A31: =B31&C31&F31&G31 -> AnhuiXuancheng8TDRY | B31: Anhui | C31: Xuancheng | D31: 安徽 | E31: 宣城 | F31: 8T | G31: DRY | H31: 1 | I31: 1950 | K31: 华东-孙理想 | L31: =VLOOKUP(A31,'供應商0827 - 1200更新線路報價'!A:H,8,0) -> 1655 | M31: 1 | N31: 1560 | O31: =IFERROR(VLOOKUP(B31&C31&F31&G31,'供應商0827 - 1200更新線路報價'!A:H,8,0),"") -> 1655 | Q31: 1655 | R31: 1 | S31: =MIN(I31,L31,Q31) -> 1655 | T31: =IF(S31=I31,"總部產品",IF(S31=L31,"蔡焱南","王峰")) -> 蔡焱南 | U31: =I31-L31 -> 295 | V31: =U31/I31 -> 0.15128205 | W31: =I31 -> 1950 | AB31: =AC31/I31-1 -> 0 | AC31: =W31 -> 1950 | AD31: =IFERROR(VLOOKUP(B31&C31&F31,'FTL volume (customer provided)'!B:E,4,0),"") | AE31: =IFERROR(AC31*AD31,"") | AF31: =IFERROR(AD31*I31,"")
A32: =B32&C32&F32&G32 -> FujianQuanzhou10TDRY | B32: Fujian | C32: Quanzhou | D32: 福建 | E32: 泉州 | F32: 10T | G32: DRY | I32: 4500 | K32: 华南 - 许建生 | L32: =VLOOKUP(A32,'供應商0827 - 1200更新線路報價'!A:H,8,0) -> 3535 | M32: 2 | N32: 3375 | O32: =IFERROR(VLOOKUP(B32&C32&F32&G32,'供應商0827 - 1200更新線路報價'!A:H,8,0),"") -> 3535 | Q32: 3535 | R32: 2 | S32: =MIN(I32,L32,Q32) -> 3535 | T32: =IF(S32=I32,"總部產品",IF(S32=L32,"蔡焱南","王峰")) -> 蔡焱南 | U32: =I32-L32 -> 965 | V32: =U32/I32 -> 0.21444444 | W32: =I32 -> 4500 | AB32: =AC32/I32-1 -> 0 | AC32: =W32 -> 4500 | AD32: =IFERROR(VLOOKUP(B32&C32&F32,'FTL volume (customer provided)'!B:E,4,0),"") | AE32: =IFERROR(AC32*AD32,"") | AF32: =IFERROR(AD32*I32,"")
A33: =B33&C33&F33&G33 -> FujianQuanzhou15TDRY | B33: Fujian | C33: Quanzhou | D33: 福建 | E33: 泉州 | F33: 15T | G33: DRY | I33: 4700 | K33: 华南 - 许建生 | L33: =VLOOKUP(A33,'供應商0827 - 1200更新線路報價'!A:H,8,0) -> 3860 | M33: 2 | N33: 3760 | O33: =IFERROR(VLOOKUP(B33&C33&F33&G33,'供應商0827 - 1200更新線路報價'!A:H,8,0),"") -> 3860 | Q33: 3860 | R33: 2 | S33: =MIN(I33,L33,Q33) -> 3860 | T33: =IF(S33=I33,"總部產品",IF(S33=L33,"蔡焱南","王峰")) -> 蔡焱南 | U33: =I33-L33 -> 840 | V33: =U33/I33 -> 0.1787234 | W33: =I33 -> 4700 | AB33: =AC33/I33-1 -> 0 | AC33: =W33 -> 4700 | AD33: =IFERROR(VLOOKUP(B33&C33&F33,'FTL volume (customer provided)'!B:E,4,0),"") | AE33: =IFERROR(AC33*AD33,"") | AF33: =IFERROR(AD33*I33,"")
A34: =B34&C34&F34&G34 -> FujianQuanzhou25TDRY | B34: Fujian | C34: Quanzhou | D34: 福建 | E34: 泉州 | F34: 25T | G34: DRY | I34: 6800 | K34: 华南 - 许建生 | L34: =VLOOKUP(A34,'供應商0827 - 1200更新線路報價'!A:H,8,0) -> 5080 | M34: 2 | N34: 5080 | O34: =IFERROR(VLOOKUP(B34&C34&F34&G34,'供應商0827 - 1200更新線路報價'!A:H,8,0),"") -> 5080 | Q34: 5080 | R34: 2 | S34: =MIN(I34,L34,Q34) -> 5080 | T34: =IF(L34=S34,"蔡焱南",IF(S34=I34,"總部產品",IF(S34=L34,"蔡焱南","王峰"))) -> 蔡焱南 | U34: =I34-L34 -> 1720 | V34: =U34/I34 -> 0.25294118 | W34: =I34 -> 6800 | AB34: =AC34/I34-1 -> 0 | AC34: =W34 -> 6800 | AD34: =IFERROR(VLOOKUP(B34&C34&F34,'FTL volume (customer provided)'!B:E,4,0),"") -> 35 | AE34: =IFERROR(AC34*AD34,"") -> 238000 | AF34: =IFERROR(AD34*I34,"") -> 238000
A35: =B35&C35&F35&G35 -> FujianQuanzhou26TDRY | B35: Fujian | C35: Quanzhou | D35: 福建 | E35: 泉州 | F35: 26T | G35: DRY | I35: 6900 | K35: 华南 - 许建生 | L35: =VLOOKUP(A35,'供應商0827 - 1200更新線路報價'!A:H,8,0) -> 5295 | M35: 2 | N35: 5175 | O35: =IFERROR(VLOOKUP(B35&C35&F35&G35,'供應商0827 - 1200更新線路報價'!A:H,8,0),"") -> 5295 | Q35: 5295 | R35: 2 | S35: =MIN(I35,L35,Q35) -> 5295 | T35: =IF(S35=I35,"總部產品",IF(S35=L35,"蔡焱南","王峰")) -> 蔡焱南 | U35: =I35-L35 -> 1605 | V35: =U35/I35 -> 0.2326087 | W35: =I35 -> 6900 | AB35: =AC35/I35-1 -> 0 | AC35: =W35 -> 6900 | AD35: =IFERROR(VLOOKUP(B35&C35&F35,'FTL volume (customer provided)'!B:E,4,0),"") | AE35: =IFERROR(AC35*AD35,"") | AF35: =IFERROR(AD35*I35,"")
A36: =B36&C36&F36&G36 -> FujianQuanzhou5TDRY | B36: Fujian | C36: Quanzhou | D36: 福建 | E36: 泉州 | F36: 5T | G36: DRY | I36: 3900 | K36: 华南 - 许建生 | L36: =VLOOKUP(A36,'供應商0827 - 1200更新線路報價'!A:H,8,0) -> 2980 | M36: 2 | N36: 2925 | O36: =IFERROR(VLOOKUP(B36&C36&F36&G36,'供應商0827 - 1200更新線路報價'!A:H,8,0),"") -> 2980 | Q36: 2980 | R36: 2 | S36: =MIN(I36,L36,Q36) -> 2980 | T36: =IF(S36=I36,"總部產品",IF(S36=L36,"蔡焱南","王峰")) -> 蔡焱南 | U36: =I36-L36 -> 920 | V36: =U36/I36 -> 0.23589744 | W36: =I36 -> 3900 | AB36: =AC36/I36-1 -> 0 | AC36: =W36 -> 3900 | AD36: =IFERROR(VLOOKUP(B36&C36&F36,'FTL volume (customer provided)'!B:E,4,0),"") | AE36: =IFERROR(AC36*AD36,"") | AF36: =IFERROR(AD36*I36,"")
A37: =B37&C37&F37&G37 -> FujianQuanzhou8TDRY | B37: Fujian | C37: Quanzhou | D37: 福建 | E37: 泉州 | F37: 8T | G37: DRY | I37: 4000 | K37: 华南 - 许建生 | L37: =VLOOKUP(A37,'供應商0827 - 1200更新線路報價'!A:H,8,0) -> 3535 | M37: 2 | N37: 3200 | O37: =IFERROR(VLOOKUP(B37&C37&F37&G37,'供應商0827 - 1200更新線路報價'!A:H,8,0),"") -> 3535 | Q37: 3535 | R37: 2 | S37: =MIN(I37,L37,Q37) -> 3535 | T37: =IF(S37=I37,"總部產品",IF(S37=L37,"蔡焱南","王峰")) -> 蔡焱南 | U37: =I37-L37 -> 465 | V37: =U37/I37 -> 0.11625 | W37: =I37 -> 4000 | AB37: =AC37/I37-1 -> 0 | AC37: =W37 -> 4000 | AD37: =IFERROR(VLOOKUP(B37&C37&F37,'FTL volume (customer provided)'!B:E,4,0),"") | AE37: =IFERROR(AC37*AD37,"") | AF37: =IFERROR(AD37*I37,"")
A38: =B38&C38&F38&G38 -> FujianQuanzhou40'HQDRY - SOC | B38: Fujian | C38: Quanzhou | D38: 福建 | E38: 泉州 | F38: 40'HQ | G38: DRY - SOC | I38: 6250 | J38: DRY - SOC（自备柜） | K38: 华南 - 许建生 | L38: =VLOOKUP(A38,'供應商0827 - 1200更新線路報價'!A:H,8,0) -> 5080 | M38: 2 | N38: 5000 | O38: =IFERROR(VLOOKUP(B38&C38&F38&G38,'供應商0827 - 1200更新線路報價'!A:H,8,0),"") -> 5080 | Q38: 5080 | R38: 2 | S38: =MIN(I38,L38,Q38) -> 5080 | T38: =IF(S38=I38,"總部產品",IF(S38=L38,"蔡焱南","王峰")) -> 蔡焱南 | U38: =I38-L38 -> 1170 | V38: =U38/I38 -> 0.1872 | W38: =I38 -> 6250 | AB38: =AC38/I38-1 -> 0 | AC38: =W38 -> 6250 | AD38: =IFERROR(VLOOKUP(B38&C38&F38,'FTL volume (customer provided)'!B:E,4,0),"") -> 5 | AE38: =IFERROR(AC38*AD38,"") -> 31250 | AF38: =IFERROR(AD38*I38,"") -> 31250
A39: =B39&C39&F39&G39 -> FujianShishi3TDRY | B39: Fujian | C39: Shishi | D39: 福建 | E39: 石狮 | F39: 3T | G39: DRY | I39: 2950 | K39: 华南 - 许建生 | L39: =VLOOKUP(A39,'供應商0827 - 1200更新線路報價'!A:H,8,0) -> 2205 | M39: 2 | N39: 2205 | O39: =IFERROR(VLOOKUP(B39&C39&F39&G39,'供應商0827 - 1200更新線路報價'!A:H,8,0),"") -> 2205 | Q39: 2205 | R39: 2 | S39: =MIN(I39,L39,Q39) -> 2205 | T39: =IF(L39=S39,"蔡焱南",IF(S39=I39,"總部產品",IF(S39=L39,"蔡焱南","王峰"))) -> 蔡焱南 | U39: =I39-L39 -> 745 | V39: =U39/I39 -> 0.25254237 | W39: =I39 -> 2950 | AB39: =AC39/I39-1 -> 0 | AC39: =W39 -> 2950 | AD39: =IFERROR(VLOOKUP(B39&C39&F39,'FTL volume (customer provided)'!B:E,4,0),"") | AE39: =IFERROR(AC39*AD39,"") | AF39: =IFERROR(AD39*I39,"")
A40: =B40&C40&F40&G40 -> FujianShishi5TDRY | B40: Fujian | C40: Shishi | D40: 福建 | E40: 石狮 | F40: 5T | G40: DRY | I40: 3900 | K40: 华南 - 许建生 | L40: =VLOOKUP(A40,'供應商0827 - 1200更新線路報價'!A:H,8,0) -> 2875 | M40: 2 | N40: 2875 | O40: =IFERROR(VLOOKUP(B40&C40&F40&G40,'供應商0827 - 1200更新線路報價'!A:H,8,0),"") -> 2875 | Q40: 2875 | R40: 2 | S40: =MIN(I40,L40,Q40) -> 2875 | T40: =IF(L40=S40,"蔡焱南",IF(S40=I40,"總部產品",IF(S40=L40,"蔡焱南","王峰"))) -> 蔡焱南 | U40: =I40-L40 -> 1025 | V40: =U40/I40 -> 0.26282051 | W40: =I40 -> 3900 | AB40: =AC40/I40-1 -> 0 | AC40: =W40 -> 3900 | AD40: =IFERROR(VLOOKUP(B40&C40&F40,'FTL volume (customer provided)'!B:E,4,0),"") -> 4 | AE40: =IFERROR(AC40*AD40,"") -> 15600 | AF40: =IFERROR(AD40*I40,"") -> 15600
A41: =B41&C41&F41&G41 -> FujianShishi8TDRY | B41: Fujian | C41: Shishi | D41: 福建 | E41: 石狮 | F41: 8T | G41: DRY | I41: 4000 | K41: 华南 - 许建生 | L41: =VLOOKUP(A41,'供應商0827 - 1200更新線路報價'!A:H,8,0) -> 2980 | M41: 2 | N41: 2980 | O41: =IFERROR(VLOOKUP(B41&C41&F41&G41,'供應商0827 - 1200更新線路報價'!A:H,8,0),"") -> 2980 | Q41: 2980 | R41: 2 | S41: =MIN(I41,L41,Q41) -> 2980 | T41: =IF(L41=S41,"蔡焱南",IF(S41=I41,"總部產品",IF(S41=L41,"蔡焱南","王峰"))) -> 蔡焱南 | U41: =I41-L41 -> 1020 | V41: =U41/I41 -> 0.255 | W41: =I41 -> 4000 | AB41: =AC41/I41-1 -> 0 | AC41: =W41 -> 4000 | AD41: =IFERROR(VLOOKUP(B41&C41&F41,'FTL volume (customer provided)'!B:E,4,0),"") | AE41: =IFERROR(AC41*AD41,"") | AF41: =IFERROR(AD41*I41,"")
A42: =B42&C42&F42&G42 -> GuangdongDongguan10TDRY | B42: Guangdong | C42: Dongguan | D42: 广东 | E42: 东莞 | F42: 10T | G42: DRY | I42: 5300 | K42: 华南 - 许建生 | L42: =VLOOKUP(A42,'供應商0827 - 1200更新線路報價'!A:H,8,0) -> 4965 | M42: 3 | N42: 4240 | O42: =IFERROR(VLOOKUP(B42&C42&F42&G42,'供應商0827 - 1200更新線路報價'!A:H,8,0),"") -> 4965 | Q42: 4965 | R42: 3 | S42: =MIN(I42,L42,Q42) -> 4965 | T42: =IF(S42=I42,"總部產品",IF(S42=L42,"蔡焱南","王峰")) -> 蔡焱南 | U42: =I42-L42 -> 335 | V42: =U42/I42 -> 0.063207547 | W42: =ROUNDUP(I42*1.02,0) -> 5406 | AB42: =AC42/I42-1 -> 0.02 | AC42: =W42 -> 5406 | AD42: =IFERROR(VLOOKUP(B42&C42&F42,'FTL volume (customer provided)'!B:E,4,0),"") | AE42: =IFERROR(AC42*AD42,"") | AF42: =IFERROR(AD42*I42,"")
A43: =B43&C43&F43&G43 -> GuangdongDongguan12TDRY | B43: Guangdong | C43: Dongguan | D43: 广东 | E43: 东莞 | F43: 12T | G43: DRY | I43: 5400 | K43: 华南 - 许建生 | L43: =VLOOKUP(A43,'供應商0827 - 1200更新線路報價'!A:H,8,0) -> 5080 | M43: 3 | N43: 4320 | O43: =IFERROR(VLOOKUP(B43&C43&F43&G43,'供應商0827 - 1200更新線路報價'!A:H,8,0),"") -> 5080 | Q43: 5080 | R43: 3 | S43: =MIN(I43,L43,Q43) -> 5080 | T43: =IF(S43=I43,"總部產品",IF(S43=L43,"蔡焱南","王峰")) -> 蔡焱南 | U43: =I43-L43 -> 320 | V43: =U43/I43 -> 0.059259259 | W43: =ROUNDUP(I43*1.02,0) -> 5508 | AB43: =AC43/I43-1 -> 0.02 | AC43: =W43 -> 5508 | AD43: =IFERROR(VLOOKUP(B43&C43&F43,'FTL volume (customer provided)'!B:E,4,0),"") | AE43: =IFERROR(AC43*AD43,"") | AF43: =IFERROR(AD43*I43,"")
A44: =B44&C44&F44&G44 -> GuangdongDongguan15TDRY | B44: Guangdong | C44: Dongguan | D44: 广东 | E44: 东莞 | F44: 15T | G44: DRY | I44: 5500 | K44: 华南 - 许建生 | L44: =VLOOKUP(A44,'供應商0827 - 1200更新線路報價'!A:H,8,0) -> 5295 | M44: 3 | N44: 4400 | O44: =IFERROR(VLOOKUP(B44&C44&F44&G44,'供應商0827 - 1200更新線路報價'!A:H,8,0),"") -> 5295 | Q44: 5295 | R44: 3 | S44: =MIN(I44,L44,Q44) -> 5295 | T44: =IF(S44=I44,"總部產品",IF(S44=L44,"蔡焱南","王峰")) -> 蔡焱南 | U44: =I44-L44 -> 205 | V44: =U44/I44 -> 0.037272727 | W44: =ROUNDUP(I44*1.02,0) -> 5610 | AB44: =AC44/I44-1 -> 0.02 | AC44: =W44 -> 5610 | AD44: =IFERROR(VLOOKUP(B44&C44&F44,'FTL volume (customer provided)'!B:E,4,0),"") | AE44: =IFERROR(AC44*AD44,"") | AF44: =IFERROR(AD44*I44,"")
A45: =B45&C45&F45&G45 -> GuangdongDongguan25TDRY | B45: Guangdong | C45: Dongguan | D45: 广东 | E45: 东莞 | F45: 25T | G45: DRY | I45: 7700 | K45: 华南 - 许建生 | L45: =VLOOKUP(A45,'供應商0827 - 1200更新線路報價'!A:H,8,0) -> 6615 | M45: 3 | N45: 6160 | O45: =IFERROR(VLOOKUP(B45&C45&F45&G45,'供應商0827 - 1200更新線路報價'!A:H,8,0),"") -> 6615 | Q45: 6615 | R45: 3 | S45: =MIN(I45,L45,Q45) -> 6615 | T45: =IF(S45=I45,"總部產品",IF(S45=L45,"蔡焱南","王峰")) -> 蔡焱南 | U45: =I45-L45 -> 1085 | V45: =U45/I45 -> 0.14090909 | W45: =I45 -> 7700 | AB45: =AC45/I45-1 -> 0 | AC45: =W45 -> 7700 | AD45: =IFERROR(VLOOKUP(B45&C45&F45,'FTL volume (customer provided)'!B:E,4,0),"") -> 157 | AE45: =IFERROR(AC45*AD45,"") -> 1208900 | AF45: =IFERROR(AD45*I45,"") -> 1208900
A46: =B46&C46&F46&G46 -> GuangdongDongguan26TDRY | B46: Guangdong | C46: Dongguan | D46: 广东 | E46: 东莞 | F46: 26T | G46: DRY | I46: 7800 | K46: 华南 - 许建生 | L46: =VLOOKUP(A46,'供應商0827 - 1200更新線路報價'!A:H,8,0) -> 6615 | M46: 3 | N46: 6240 | O46: =IFERROR(VLOOKUP(B46&C46&F46&G46,'供應商0827 - 1200更新線路報價'!A:H,8,0),"") -> 6615 | Q46: 6615 | R46: 3 | S46: =MIN(I46,L46,Q46) -> 6615 | T46: =IF(S46=I46,"總部產品",IF(S46=L46,"蔡焱南","王峰")) -> 蔡焱南 | U46: =I46-L46 -> 1185 | V46: =U46/I46 -> 0.15192308 | W46: =I46 -> 7800 | AB46: =AC46/I46-1 -> 0 | AC46: =W46 -> 7800 | AD46: =IFERROR(VLOOKUP(B46&C46&F46,'FTL volume (customer provided)'!B:E,4,0),"") | AE46: =IFERROR(AC46*AD46,"") | AF46: =IFERROR(AD46*I46,"")
A47: =B47&C47&F47&G47 -> GuangdongDongguan3TDRY | B47: Guangdong | C47: Dongguan | D47: 广东 | E47: 东莞 | F47: 3T | G47: DRY | I47: 3800 | K47: 华南 - 许建生 | L47: =VLOOKUP(A47,'供應商0827 - 1200更新線路報價'!A:H,8,0) -> 3310 | M47: 3 | N47: 3040 | O47: =IFERROR(VLOOKUP(B47&C47&F47&G47,'供應商0827 - 1200更新線路報價'!A:H,8,0),"") -> 3310 | Q47: 3310 | R47: 3 | S47: =MIN(I47,L47,Q47) -> 3310 | T47: =IF(S47=I47,"總部產品",IF(S47=L47,"蔡焱南","王峰")) -> 蔡焱南 | U47: =I47-L47 -> 490 | V47: =U47/I47 -> 0.12894737 | W47: =I47 -> 3800 | AB47: =AC47/I47-1 -> 0 | AC47: =W47 -> 3800 | AD47: =IFERROR(VLOOKUP(B47&C47&F47,'FTL volume (customer provided)'!B:E,4,0),"") | AE47: =IFERROR(AC47*AD47,"") | AF47: =IFERROR(AD47*I47,"")
A48: =B48&C48&F48&G48 -> GuangdongDongguan5TDRY | B48: Guangdong | C48: Dongguan | D48: 广东 | E48: 东莞 | F48: 5T | G48: DRY | I48: 4800 | K48: 华南 - 许建生 | L48: =VLOOKUP(A48,'供應商0827 - 1200更新線路報價'!A:H,8,0) -> 3975 | M48: 3 | N48: 3840 | O48: =IFERROR(VLOOKUP(B48&C48&F48&G48,'供應商0827 - 1200更新線路報價'!A:H,8,0),"") -> 3975 | Q48: 3975 | R48: 3 | S48: =MIN(I48,L48,Q48) -> 3975 | T48: =IF(S48=I48,"總部產品",IF(S48=L48,"蔡焱南","王峰")) -> 蔡焱南 | U48: =I48-L48 -> 825 | V48: =U48/I48 -> 0.171875 | W48: =I48 -> 4800 | AB48: =AC48/I48-1 -> 0 | AC48: =W48 -> 4800 | AD48: =IFERROR(VLOOKUP(B48&C48&F48,'FTL volume (customer provided)'!B:E,4,0),"") | AE48: =IFERROR(AC48*AD48,"") | AF48: =IFERROR(AD48*I48,"")
A49: =B49&C49&F49&G49 -> GuangdongDongguan8TDRY | B49: Guangdong | C49: Dongguan | D49: 广东 | E49: 东莞 | F49: 8T | G49: DRY | I49: 4900 | K49: 华南 - 许建生 | L49: =VLOOKUP(A49,'供應商0827 - 1200更新線路報價'!A:H,8,0) -> 4085 | M49: 3 | N49: 3920 | O49: =IFERROR(VLOOKUP(B49&C49&F49&G49,'供應商0827 - 1200更新線路報價'!A:H,8,0),"") -> 4085 | Q49: 4085 | R49: 3 | S49: =MIN(I49,L49,Q49) -> 4085 | T49: =IF(S49=I49,"總部產品",IF(S49=L49,"蔡焱南","王峰")) -> 蔡焱南 | U49: =I49-L49 -> 815 | V49: =U49/I49 -> 0.16632653 | W49: =I49 -> 4900 | AB49: =AC49/I49-1 -> 0 | AC49: =W49 -> 4900 | AD49: =IFERROR(VLOOKUP(B49&C49&F49,'FTL volume (customer provided)'!B:E,4,0),"") | AE49: =IFERROR(AC49*AD49,"") | AF49: =IFERROR(AD49*I49,"")
A50: =B50&C50&F50&G50 -> GuangdongDongguanDG_3THAZMAT | B50: Guangdong | C50: Dongguan | D50: 广东 | E50: 东莞 | F50: DG_3T | G50: HAZMAT | J50: HAZMAT（危险品9类） | K50: 华南 - 许建生 | M50: 0 | N50: 0 | O50: =IFERROR(VLOOKUP(B50&C50&F50&G50,'供應商0827 - 1200更新線路報價'!A:H,8,0),"") -> 0 | Q50: 0 | R50: 0 | S50: =MIN(I50,L50,Q50) -> 0 | T50: =IF(S50=I50,"總部產品",IF(S50=L50,"蔡焱南","王峰")) -> 總部產品 | AD50: =IFERROR(VLOOKUP(B50&C50&F50,'FTL volume (customer provided)'!B:E,4,0),"") | AE50: =IFERROR(AC50*AD50,"") | AF50: =IFERROR(AD50*I50,"")
A51: =B51&C51&F51&G51 -> GuangdongDongguanDG_8THAZMAT | B51: Guangdong | C51: Dongguan | D51: 广东 | E51: 东莞 | F51: DG_8T | G51: HAZMAT | J51: HAZMAT（危险品9类） | K51: 华南 - 许建生 | M51: 0 | N51: 0 | O51: =IFERROR(VLOOKUP(B51&C51&F51&G51,'供應商0827 - 1200更新線路報價'!A:H,8,0),"") -> 0 | Q51: 0 | R51: 0 | S51: =MIN(I51,L51,Q51) -> 0 | T51: =IF(S51=I51,"總部產品",IF(S51=L51,"蔡焱南","王峰")) -> 總部產品 | AD51: =IFERROR(VLOOKUP(B51&C51&F51,'FTL volume (customer provided)'!B:E,4,0),"") | AE51: =IFERROR(AC51*AD51,"") | AF51: =IFERROR(AD51*I51,"")
A52: =B52&C52&F52&G52 -> GuangdongDongguanREF_3TREEFER | B52: Guangdong | C52: Dongguan | D52: 广东 | E52: 东莞 | F52: REF_3T | G52: REEFER | K52: 华南 - 许建生 | M52: 0 | N52: 0 | O52: =IFERROR(VLOOKUP(B52&C52&F52&G52,'供應商0827 - 1200更新線路報價'!A:H,8,0),"") -> 0 | Q52: 0 | R52: 0 | S52: =MIN(I52,L52,Q52) -> 0 | T52: =IF(S52=I52,"總部產品",IF(S52=L52,"蔡焱南","王峰")) -> 總部產品 | AD52: =IFERROR(VLOOKUP(B52&C52&F52,'FTL volume (customer provided)'!B:E,4,0),"") | AE52: =IFERROR(AC52*AD52,"") | AF52: =IFERROR(AD52*I52,"")
A53: =B53&C53&F53&G53 -> GuangdongDongguan40'HQDRY - SOC | B53: Guangdong | C53: Dongguan | D53: 广东 | E53: 东莞 | F53: 40'HQ | G53: DRY - SOC | I53: 6600 | J53: DRY - SOC（自备柜） | K53: 华南 - 许建生 | L53: =VLOOKUP(A53,'供應商0827 - 1200更新線路報價'!A:H,8,0) -> 6615 | M53: 3 | N53: 6600 | O53: =IFERROR(VLOOKUP(B53&C53&F53&G53,'供應商0827 - 1200更新線路報價'!A:H,8,0),"") -> 6615 | Q53: 6615 | R53: 3 | S53: =MIN(I53,L53,Q53) -> 6600 | T53: 蔡焱南 | U53: =I53-L53 -> -15 | V53: =U53/I53 -> -0.0022727273 | W53: =ROUNDUP(I53*1.02,0) -> 6732 | AB53: =AC53/I53-1 -> 0.02 | AC53: =W53 -> 6732 | AD53: =IFERROR(VLOOKUP(B53&C53&F53,'FTL volume (customer provided)'!B:E,4,0),"") -> 15 | AE53: =IFERROR(AC53*AD53,"") -> 100980 | AF53: =IFERROR(AD53*I53,"") -> 99000
A54: =B54&C54&F54&G54 -> GuangdongFoshan3TDRY | B54: Guangdong | C54: Foshan | D54: 广东 | E54: 佛山 | F54: 3T | G54: DRY | I54: 3800 | K54: 华南 - 许建生 | L54: =VLOOKUP(A54,'供應商0827 - 1200更新線路報價'!A:H,8,0) -> 3310 | M54: 3 | N54: 3040 | O54: =IFERROR(VLOOKUP(B54&C54&F54&G54,'供應商0827 - 1200更新線路報價'!A:H,8,0),"") -> 3310 | Q54: 3310 | R54: 3 | S54: =MIN(I54,L54,Q54) -> 3310 | T54: =IF(S54=I54,"總部產品",IF(S54=L54,"蔡焱南","王峰")) -> 蔡焱南 | U54: =I54-L54 -> 490 | V54: =U54/I54 -> 0.12894737 | W54: =I54 -> 3800 | AB54: =AC54/I54-1 -> 0 | AC54: =W54 -> 3800 | AD54: =IFERROR(VLOOKUP(B54&C54&F54,'FTL volume (customer provided)'!B:E,4,0),"") | AE54: =IFERROR(AC54*AD54,"") | AF54: =IFERROR(AD54*I54,"")
A55: =B55&C55&F55&G55 -> GuangdongFoshan5TDRY | B55: Guangdong | C55: Foshan | D55: 广东 | E55: 佛山 | F55: 5T | G55: DRY | I55: 4800 | K55: 华南 - 许建生 | L55: =VLOOKUP(A55,'供應商0827 - 1200更新線路報價'!A:H,8,0) -> 3975 | M55: 3 | N55: 3840 | O55: =IFERROR(VLOOKUP(B55&C55&F55&G55,'供應商0827 - 1200更新線路報價'!A:H,8,0),"") -> 3975 | Q55: 3975 | R55: 3 | S55: =MIN(I55,L55,Q55) -> 3975 | T55: =IF(S55=I55,"總部產品",IF(S55=L55,"蔡焱南","王峰")) -> 蔡焱南 | U55: =I55-L55 -> 825 | V55: =U55/I55 -> 0.171875 | W55: =I55 -> 4800 | AB55: =AC55/I55-1 -> 0 | AC55: =W55 -> 4800 | AD55: =IFERROR(VLOOKUP(B55&C55&F55,'FTL volume (customer provided)'!B:E,4,0),"") -> 2 | AE55: =IFERROR(AC55*AD55,"") -> 9600 | AF55: =IFERROR(AD55*I55,"") -> 9600
A56: =B56&C56&F56&G56 -> GuangdongFoshanREF_3TREEFER | B56: Guangdong | C56: Foshan | D56: 广东 | E56: 佛山 | F56: REF_3T | G56: REEFER | K56: 华南 - 许建生 | M56: 0 | N56: 0 | O56: =IFERROR(VLOOKUP(B56&C56&F56&G56,'供應商0827 - 1200更新線路報價'!A:H,8,0),"") -> 0 | Q56: 0 | R56: 0 | S56: =MIN(I56,L56,Q56) -> 0 | T56: =IF(S56=I56,"總部產品",IF(S56=L56,"蔡焱南","王峰")) -> 總部產品 | AD56: =IFERROR(VLOOKUP(B56&C56&F56,'FTL volume (customer provided)'!B:E,4,0),"") | AE56: =IFERROR(AC56*AD56,"") | AF56: =IFERROR(AD56*I56,"")
A57: =B57&C57&F57&G57 -> GuangdongFoshanREF_5TREEFER | B57: Guangdong | C57: Foshan | D57: 广东 | E57: 佛山 | F57: REF_5T | G57: REEFER | K57: 华南 - 许建生 | M57: 0 | N57: 0 | O57: =IFERROR(VLOOKUP(B57&C57&F57&G57,'供應商0827 - 1200更新線路報價'!A:H,8,0),"") -> 0 | Q57: 0 | R57: 0 | S57: =MIN(I57,L57,Q57) -> 0 | T57: =IF(S57=I57,"總部產品",IF(S57=L57,"蔡焱南","王峰")) -> 總部產品 | AD57: =IFERROR(VLOOKUP(B57&C57&F57,'FTL volume (customer provided)'!B:E,4,0),"") | AE57: =IFERROR(AC57*AD57,"") | AF57: =IFERROR(AD57*I57,"")
A58: =B58&C58&F58&G58 -> GuangdongHeyuan10TDRY | B58: Guangdong | C58: Heyuan | D58: 广东 | E58: 河源 | F58: 10T | G58: DRY | I58: 5400 | K58: 华南 - 许建生 | L58: =VLOOKUP(A58,'供應商0827 - 1200更新線路報價'!A:H,8,0) -> 4195 | M58: 3 | N58: 4050 | O58: =IFERROR(VLOOKUP(B58&C58&F58&G58,'供應商0827 - 1200更新線路報價'!A:H,8,0),"") -> 4195 | Q58: 4195 | R58: 3 | S58: =MIN(I58,L58,Q58) -> 4195 | T58: =IF(S58=I58,"總部產品",IF(S58=L58,"蔡焱南","王峰")) -> 蔡焱南 | U58: =I58-L58 -> 1205 | V58: =U58/I58 -> 0.22314815 | W58: =I58 -> 5400 | AB58: =AC58/I58-1 -> 0 | AC58: =W58 -> 5400 | AD58: =IFERROR(VLOOKUP(B58&C58&F58,'FTL volume (customer provided)'!B:E,4,0),"") | AE58: =IFERROR(AC58*AD58,"") | AF58: =IFERROR(AD58*I58,"")
A59: =B59&C59&F59&G59 -> GuangdongHeyuan26TDRY | B59: Guangdong | C59: Heyuan | D59: 广东 | E59: 河源 | F59: 26T | G59: DRY | I59: 7800 | K59: 华南 - 许建生 | L59: =VLOOKUP(A59,'供應商0827 - 1200更新線路報價'!A:H,8,0) -> 6065 | M59: 3 | N59: 5850 | O59: =IFERROR(VLOOKUP(B59&C59&F59&G59,'供應商0827 - 1200更新線路報價'!A:H,8,0),"") -> 6065 | Q59: 6065 | R59: 3 | S59: =MIN(I59,L59,Q59) -> 6065 | T59: =IF(S59=I59,"總部產品",IF(S59=L59,"蔡焱南","王峰")) -> 蔡焱南 | U59: =I59-L59 -> 1735 | V59: =U59/I59 -> 0.2224359 | W59: =I59 -> 7800 | AB59: =AC59/I59-1 -> 0 | AC59: =W59 -> 7800 | AD59: =IFERROR(VLOOKUP(B59&C59&F59,'FTL volume (customer provided)'!B:E,4,0),"") | AE59: =IFERROR(AC59*AD59,"") | AF59: =IFERROR(AD59*I59,"")
A60: =B60&C60&F60&G60 -> GuangdongHeyuan3TDRY | B60: Guangdong | C60: Heyuan | D60: 广东 | E60: 河源 | F60: 3T | G60: DRY | I60: 3800 | K60: 华南 - 许建生 | L60: =VLOOKUP(A60,'供應商0827 - 1200更新線路報價'!A:H,8,0) -> 2875 | M60: 3 | N60: 2850 | O60: =IFERROR(VLOOKUP(B60&C60&F60&G60,'供應商0827 - 1200更新線路報價'!A:H,8,0),"") -> 2875 | Q60: 2875 | R60: 3 | S60: =MIN(I60,L60,Q60) -> 2875 | T60: =IF(S60=I60,"總部產品",IF(S60=L60,"蔡焱南","王峰")) -> 蔡焱南 | U60: =I60-L60 -> 925 | V60: =U60/I60 -> 0.24342105 | W60: =I60 -> 3800 | AB60: =AC60/I60-1 -> 0 | AC60: =W60 -> 3800 | AD60: =IFERROR(VLOOKUP(B60&C60&F60,'FTL volume (customer provided)'!B:E,4,0),"") -> 7 | AE60: =IFERROR(AC60*AD60,"") -> 26600 | AF60: =IFERROR(AD60*I60,"") -> 26600
A61: =B61&C61&F61&G61 -> GuangdongHeyuanDG_5THAZMAT | B61: Guangdong | C61: Heyuan | D61: 广东 | E61: 河源 | F61: DG_5T | G61: HAZMAT | J61: HAZMAT（危险品9类） | K61: 华南 - 许建生 | M61: 0 | N61: 0 | O61: =IFERROR(VLOOKUP(B61&C61&F61&G61,'供應商0827 - 1200更新線路報價'!A:H,8,0),"") -> 0 | Q61: 0 | R61: 0 | S61: =MIN(I61,L61,Q61) -> 0 | T61: =IF(S61=I61,"總部產品",IF(S61=L61,"蔡焱南","王峰")) -> 總部產品 | AD61: =IFERROR(VLOOKUP(B61&C61&F61,'FTL volume (customer provided)'!B:E,4,0),"") | AE61: =IFERROR(AC61*AD61,"") | AF61: =IFERROR(AD61*I61,"")
A62: =B62&C62&F62&G62 -> GuangdongHuizhouDG_10THAZMAT | B62: Guangdong | C62: Huizhou | D62: 广东 | E62: 惠州 | F62: DG_10T | G62: HAZMAT | J62: HAZMAT（危险品9类） | K62: 华南 - 许建生 | M62: 0 | N62: 0 | O62: =IFERROR(VLOOKUP(B62&C62&F62&G62,'供應商0827 - 1200更新線路報價'!A:H,8,0),"") -> 0 | Q62: 0 | R62: 0 | S62: =MIN(I62,L62,Q62) -> 0 | T62: =IF(S62=I62,"總部產品",IF(S62=L62,"蔡焱南","王峰")) -> 總部產品 | AD62: =IFERROR(VLOOKUP(B62&C62&F62,'FTL volume (customer provided)'!B:E,4,0),"") | AE62: =IFERROR(AC62*AD62,"") | AF62: =IFERROR(AD62*I62,"")
A63: =B63&C63&F63&G63 -> GuangdongHuizhou12TDRY | B63: Guangdong | C63: Huizhou | D63: 广东 | E63: 惠州 | F63: 12T | G63: DRY | I63: 5400 | K63: 华南 - 许建生 | L63: =VLOOKUP(A63,'供應商0827 - 1200更新線路報價'!A:H,8,0) -> 4745 | M63: 3 | N63: 4320 | O63: =IFERROR(VLOOKUP(B63&C63&F63&G63,'供應商0827 - 1200更新線路報價'!A:H,8,0),"") -> 4745 | Q63: 4745 | R63: 3 | S63: =MIN(I63,L63,Q63) -> 4745 | T63: =IF(S63=I63,"總部產品",IF(S63=L63,"蔡焱南","王峰")) -> 蔡焱南 | U63: =I63-L63 -> 655 | V63: =U63/I63 -> 0.1212963 | W63: =I63 -> 5400 | AB63: =AC63/I63-1 -> 0 | AC63: =W63 -> 5400 | AD63: =IFERROR(VLOOKUP(B63&C63&F63,'FTL volume (customer provided)'!B:E,4,0),"") -> 1 | AE63: =IFERROR(AC63*AD63,"") -> 5400 | AF63: =IFERROR(AD63*I63,"") -> 5400
A64: =B64&C64&F64&G64 -> GuangdongHuizhou15TDRY | B64: Guangdong | C64: Huizhou | D64: 广东 | E64: 惠州 | F64: 15T | G64: DRY | I64: 5500 | K64: 华南 - 许建生 | L64: =VLOOKUP(A64,'供應商0827 - 1200更新線路報價'!A:H,8,0) -> 4965 | M64: 3 | N64: 4400 | O64: =IFERROR(VLOOKUP(B64&C64&F64&G64,'供應商0827 - 1200更新線路報價'!A:H,8,0),"") -> 4965 | Q64: 4965 | R64: 3 | S64: =MIN(I64,L64,Q64) -> 4965 | T64: =IF(S64=I64,"總部產品",IF(S64=L64,"蔡焱南","王峰")) -> 蔡焱南 | U64: =I64-L64 -> 535 | V64: =U64/I64 -> 0.097272727 | W64: =I64 -> 5500 | AB64: =AC64/I64-1 -> 0 | AC64: =W64 -> 5500 | AD64: =IFERROR(VLOOKUP(B64&C64&F64,'FTL volume (customer provided)'!B:E,4,0),"") | AE64: =IFERROR(AC64*AD64,"") | AF64: =IFERROR(AD64*I64,"")
A65: =B65&C65&F65&G65 -> GuangdongHuizhou26TDRY | B65: Guangdong | C65: Huizhou | D65: 广东 | E65: 惠州 | F65: 26T | G65: DRY | I65: 7800 | K65: 华南 - 许建生 | L65: =VLOOKUP(A65,'供應商0827 - 1200更新線路報價'!A:H,8,0) -> 6065 | M65: 3 | N65: 5850 | O65: =IFERROR(VLOOKUP(B65&C65&F65&G65,'供應商0827 - 1200更新線路報價'!A:H,8,0),"") -> 6065 | Q65: 6065 | R65: 3 | S65: =MIN(I65,L65,Q65) -> 6065 | T65: =IF(S65=I65,"總部產品",IF(S65=L65,"蔡焱南","王峰")) -> 蔡焱南 | U65: =I65-L65 -> 1735 | V65: =U65/I65 -> 0.2224359 | W65: =I65 -> 7800 | AB65: =AC65/I65-1 -> 0 | AC65: =W65 -> 7800 | AD65: =IFERROR(VLOOKUP(B65&C65&F65,'FTL volume (customer provided)'!B:E,4,0),"") | AE65: =IFERROR(AC65*AD65,"") | AF65: =IFERROR(AD65*I65,"")
A66: =B66&C66&F66&G66 -> GuangdongHuizhou3TDRY | B66: Guangdong | C66: Huizhou | D66: 广东 | E66: 惠州 | F66: 3T | G66: DRY | I66: 3800 | K66: 华南 - 许建生 | L66: =VLOOKUP(A66,'供應商0827 - 1200更新線路報價'!A:H,8,0) -> 2980 | M66: 3 | N66: 2850 | O66: =IFERROR(VLOOKUP(B66&C66&F66&G66,'供應商0827 - 1200更新線路報價'!A:H,8,0),"") -> 2980 | Q66: 2980 | R66: 3 | S66: =MIN(I66,L66,Q66) -> 2980 | T66: =IF(S66=I66,"總部產品",IF(S66=L66,"蔡焱南","王峰")) -> 蔡焱南 | U66: =I66-L66 -> 820 | V66: =U66/I66 -> 0.21578947 | W66: =I66 -> 3800 | AB66: =AC66/I66-1 -> 0 | AC66: =W66 -> 3800 | AD66: =IFERROR(VLOOKUP(B66&C66&F66,'FTL volume (customer provided)'!B:E,4,0),"") | AE66: =IFERROR(AC66*AD66,"") | AF66: =IFERROR(AD66*I66,"")
A67: =B67&C67&F67&G67 -> GuangdongHuizhou5TDRY | B67: Guangdong | C67: Huizhou | D67: 广东 | E67: 惠州 | F67: 5T | G67: DRY | I67: 4800 | K67: 华南 - 许建生 | L67: =VLOOKUP(A67,'供應商0827 - 1200更新線路報價'!A:H,8,0) -> 3860 | M67: 3 | N67: 3840 | O67: =IFERROR(VLOOKUP(B67&C67&F67&G67,'供應商0827 - 1200更新線路報價'!A:H,8,0),"") -> 3860 | Q67: 3860 | R67: 3 | S67: =MIN(I67,L67,Q67) -> 3860 | T67: =IF(S67=I67,"總部產品",IF(S67=L67,"蔡焱南","王峰")) -> 蔡焱南 | U67: =I67-L67 -> 940 | V67: =U67/I67 -> 0.19583333 | W67: =I67 -> 4800 | AB67: =AC67/I67-1 -> 0 | AC67: =W67 -> 4800 | AD67: =IFERROR(VLOOKUP(B67&C67&F67,'FTL volume (customer provided)'!B:E,4,0),"") | AE67: =IFERROR(AC67*AD67,"") | AF67: =IFERROR(AD67*I67,"")
A68: =B68&C68&F68&G68 -> GuangdongHuizhou8TDRY | B68: Guangdong | C68: Huizhou | D68: 广东 | E68: 惠州 | F68: 8T | G68: DRY | I68: 4900 | K68: 华南 - 许建生 | L68: =VLOOKUP(A68,'供應商0827 - 1200更新線路報價'!A:H,8,0) -> 3860 | M68: 3 | N68: 3675 | O68: =IFERROR(VLOOKUP(B68&C68&F68&G68,'供應商0827 - 1200更新線路報價'!A:H,8,0),"") -> 3860 | Q68: 3860 | R68: 3 | S68: =MIN(I68,L68,Q68) -> 3860 | T68: =IF(S68=I68,"總部產品",IF(S68=L68,"蔡焱南","王峰")) -> 蔡焱南 | U68: =I68-L68 -> 1040 | V68: =U68/I68 -> 0.2122449 | W68: =I68 -> 4900 | AB68: =AC68/I68-1 -> 0 | AC68: =W68 -> 4900 | AD68: =IFERROR(VLOOKUP(B68&C68&F68,'FTL volume (customer provided)'!B:E,4,0),"") | AE68: =IFERROR(AC68*AD68,"") | AF68: =IFERROR(AD68*I68,"")
A69: =B69&C69&F69&G69 -> GuangdongHuizhou40'HQDRY - SOC | B69: Guangdong | C69: Huizhou | D69: 广东 | E69: 惠州 | F69: 40'HQ | G69: DRY - SOC | I69: 6600 | J69: DRY - SOC（自备柜） | K69: 华南 - 许建生 | L69: =VLOOKUP(A69,'供應商0827 - 1200更新線路報價'!A:H,8,0) -> 6065 | M69: 3 | N69: 5280 | O69: =IFERROR(VLOOKUP(B69&C69&F69&G69,'供應商0827 - 1200更新線路報價'!A:H,8,0),"") -> 6065 | Q69: 6065 | R69: 3 | S69: =MIN(I69,L69,Q69) -> 6065 | T69: =IF(S69=I69,"總部產品",IF(S69=L69,"蔡焱南","王峰")) -> 蔡焱南 | U69: =I69-L69 -> 535 | V69: =U69/I69 -> 0.081060606 | W69: =I69 -> 6600 | AB69: =AC69/I69-1 -> 0 | AC69: =W69 -> 6600 | AD69: =IFERROR(VLOOKUP(B69&C69&F69,'FTL volume (customer provided)'!B:E,4,0),"") | AE69: =IFERROR(AC69*AD69,"") | AF69: =IFERROR(AD69*I69,"")
A70: =B70&C70&F70&G70 -> GuangdongJiangmen3TDRY | B70: Guangdong | C70: Jiangmen | D70: 广东 | E70: 江门 | F70: 3T | G70: DRY | I70: 3900 | K70: 华南 - 许建生 | L70: =VLOOKUP(A70,'供應商0827 - 1200更新線路報價'!A:H,8,0) -> 3310 | M70: 3 | N70: 3120 | O70: =IFERROR(VLOOKUP(B70&C70&F70&G70,'供應商0827 - 1200更新線路報價'!A:H,8,0),"") -> 3310 | Q70: 3310 | R70: 3 | S70: =MIN(I70,L70,Q70) -> 3310 | T70: =IF(S70=I70,"總部產品",IF(S70=L70,"蔡焱南","王峰")) -> 蔡焱南 | U70: =I70-L70 -> 590 | V70: =U70/I70 -> 0.15128205 | W70: =I70 -> 3900 | AB70: =AC70/I70-1 -> 0 | AC70: =W70 -> 3900 | AD70: =IFERROR(VLOOKUP(B70&C70&F70,'FTL volume (customer provided)'!B:E,4,0),"") -> 1 | AE70: =IFERROR(AC70*AD70,"") -> 3900 | AF70: =IFERROR(AD70*I70,"") -> 3900
A71: =B71&C71&F71&G71 -> GuangdongShantou10TDRY | B71: Guangdong | C71: Shantou | D71: 广东 | E71: 汕头 | F71: 10T | G71: DRY | I71: 5100 | K71: 华南 - 许建生 | L71: =VLOOKUP(A71,'供應商0827 - 1200更新線路報價'!A:H,8,0) -> 4250 | M71: 3 | N71: 4080 | O71: =IFERROR(VLOOKUP(B71&C71&F71&G71,'供應商0827 - 1200更新線路報價'!A:H,8,0),"") -> 4250 | Q71: 4250 | R71: 3 | S71: =MIN(I71,L71,Q71) -> 4250 | T71: =IF(S71=I71,"總部產品",IF(S71=L71,"蔡焱南","王峰")) -> 蔡焱南 | U71: =I71-L71 -> 850 | V71: =U71/I71 -> 0.16666667 | W71: =I71 -> 5100 | AB71: =AC71/I71-1 -> 0 | AC71: =W71 -> 5100 | AD71: =IFERROR(VLOOKUP(B71&C71&F71,'FTL volume (customer provided)'!B:E,4,0),"") | AE71: =IFERROR(AC71*AD71,"") | AF71: =IFERROR(AD71*I71,"")
A72: =B72&C72&F72&G72 -> GuangdongShantou3TDRY | B72: Guangdong | C72: Shantou | D72: 广东 | E72: 汕头 | F72: 3T | G72: DRY | I72: 3600 | K72: 华南 - 许建生 | L72: =VLOOKUP(A72,'供應商0827 - 1200更新線路報價'!A:H,8,0) -> 2705 | M72: 3 | N72: 2700 | O72: =IFERROR(VLOOKUP(B72&C72&F72&G72,'供應商0827 - 1200更新線路報價'!A:H,8,0),"") -> 2705 | Q72: 2705 | R72: 3 | S72: =MIN(I72,L72,Q72) -> 2705 | T72: =IF(S72=I72,"總部產品",IF(S72=L72,"蔡焱南","王峰")) -> 蔡焱南 | U72: =I72-L72 -> 895 | V72: =U72/I72 -> 0.24861111 | W72: =I72 -> 3600 | AB72: =AC72/I72-1 -> 0 | AC72: =W72 -> 3600 | AD72: =IFERROR(VLOOKUP(B72&C72&F72,'FTL volume (customer provided)'!B:E,4,0),"") | AE72: =IFERROR(AC72*AD72,"") | AF72: =IFERROR(AD72*I72,"")
A73: =B73&C73&F73&G73 -> GuangdongShantou5TDRY | B73: Guangdong | C73: Shantou | D73: 广东 | E73: 汕头 | F73: 5T | G73: DRY | I73: 4800 | K73: 华南 - 许建生 | L73: =VLOOKUP(A73,'供應商0827 - 1200更新線路報價'!A:H,8,0) -> 3310 | M73: 3 | N73: 3120 | O73: =IFERROR(VLOOKUP(B73&C73&F73&G73,'供應商0827 - 1200更新線路報價'!A:H,8,0),"") -> 3310 | Q73: 3310 | R73: 3 | S73: =MIN(I73,L73,Q73) -> 3310 | T73: =IF(S73=I73,"總部產品",IF(S73=L73,"蔡焱南","王峰")) -> 蔡焱南 | U73: =I73-L73 -> 1490 | V73: =U73/I73 -> 0.31041667 | W73: =I73 -> 4800 | AB73: =AC73/I73-1 -> 0 | AC73: =W73 -> 4800 | AD73: =IFERROR(VLOOKUP(B73&C73&F73,'FTL volume (customer provided)'!B:E,4,0),"") | AE73: =IFERROR(AC73*AD73,"") | AF73: =IFERROR(AD73*I73,"")
A74: =B74&C74&F74&G74 -> GuangdongShantouREF_3TREEFER | B74: Guangdong | C74: Shantou | D74: 广东 | E74: 汕头 | F74: REF_3T | G74: REEFER | K74: 华南 - 许建生 | M74: 0 | N74: 0 | O74: =IFERROR(VLOOKUP(B74&C74&F74&G74,'供應商0827 - 1200更新線路報價'!A:H,8,0),"") -> 0 | Q74: 0 | R74: 0 | S74: =MIN(I74,L74,Q74) -> 0 | T74: =IF(S74=I74,"總部產品",IF(S74=L74,"蔡焱南","王峰")) -> 總部產品 | AD74: =IFERROR(VLOOKUP(B74&C74&F74,'FTL volume (customer provided)'!B:E,4,0),"") | AE74: =IFERROR(AC74*AD74,"") | AF74: =IFERROR(AD74*I74,"")
A75: =B75&C75&F75&G75 -> GuangdongShantouREF_5TREEFER | B75: Guangdong | C75: Shantou | D75: 广东 | E75: 汕头 | F75: REF_5T | G75: REEFER | K75: 华南 - 许建生 | M75: 0 | N75: 0 | O75: =IFERROR(VLOOKUP(B75&C75&F75&G75,'供應商0827 - 1200更新線路報價'!A:H,8,0),"") -> 0 | Q75: 0 | R75: 0 | S75: =MIN(I75,L75,Q75) -> 0 | T75: =IF(S75=I75,"總部產品",IF(S75=L75,"蔡焱南","王峰")) -> 總部產品 | AD75: =IFERROR(VLOOKUP(B75&C75&F75,'FTL volume (customer provided)'!B:E,4,0),"") | AE75: =IFERROR(AC75*AD75,"") | AF75: =IFERROR(AD75*I75,"")
A76: =B76&C76&F76&G76 -> GuangdongShantou40'HQDRY - SOC | B76: Guangdong | C76: Shantou | D76: 广东 | E76: 汕头 | F76: 40'HQ | G76: DRY - SOC | I76: 6900 | J76: DRY - SOC（自备柜） | K76: 华南 - 许建生 | L76: =VLOOKUP(A76,'供應商0827 - 1200更新線路報價'!A:H,8,0) -> 5740 | M76: 3 | N76: 5520 | O76: =IFERROR(VLOOKUP(B76&C76&F76&G76,'供應商0827 - 1200更新線路報價'!A:H,8,0),"") -> 5740 | Q76: 5740 | R76: 3 | S76: =MIN(I76,L76,Q76) -> 5740 | T76: =IF(S76=I76,"總部產品",IF(S76=L76,"蔡焱南","王峰")) -> 蔡焱南 | U76: =I76-L76 -> 1160 | V76: =U76/I76 -> 0.16811594 | W76: =I76 -> 6900 | AB76: =AC76/I76-1 -> 0 | AC76: =W76 -> 6900 | AD76: =IFERROR(VLOOKUP(B76&C76&F76,'FTL volume (customer provided)'!B:E,4,0),"") -> 1 | AE76: =IFERROR(AC76*AD76,"") -> 6900 | AF76: =IFERROR(AD76*I76,"") -> 6900
A77: =B77&C77&F77&G77 -> GuangdongShenzhen10TDRY | B77: Guangdong | C77: Shenzhen | D77: 广东 | E77: 深圳 | F77: 10T | G77: DRY | I77: 5300 | K77: 华南 - 许建生 | L77: =VLOOKUP(A77,'供應商0827 - 1200更新線路報價'!A:H,8,0) -> 4635 | M77: 3 | N77: 4240 | O77: =IFERROR(VLOOKUP(B77&C77&F77&G77,'供應商0827 - 1200更新線路報價'!A:H,8,0),"") -> 4635 | Q77: 4635 | R77: 3 | S77: =MIN(I77,L77,Q77) -> 4635 | T77: =IF(S77=I77,"總部產品",IF(S77=L77,"蔡焱南","王峰")) -> 蔡焱南 | U77: =I77-L77 -> 665 | V77: =U77/I77 -> 0.1254717 | W77: =I77 -> 5300 | AB77: =AC77/I77-1 -> 0 | AC77: =W77 -> 5300 | AD77: =IFERROR(VLOOKUP(B77&C77&F77,'FTL volume (customer provided)'!B:E,4,0),"") | AE77: =IFERROR(AC77*AD77,"") | AF77: =IFERROR(AD77*I77,"")
A78: =B78&C78&F78&G78 -> GuangdongShenzhen12TDRY | B78: Guangdong | C78: Shenzhen | D78: 广东 | E78: 深圳 | F78: 12T | G78: DRY | I78: 5400 | K78: 华南 - 许建生 | L78: =VLOOKUP(A78,'供應商0827 - 1200更新線路報價'!A:H,8,0) -> 4855 | M78: 3 | N78: 4320 | O78: =IFERROR(VLOOKUP(B78&C78&F78&G78,'供應商0827 - 1200更新線路報價'!A:H,8,0),"") -> 4855 | Q78: 4855 | R78: 3 | S78: =MIN(I78,L78,Q78) -> 4855 | T78: =IF(S78=I78,"總部產品",IF(S78=L78,"蔡焱南","王峰")) -> 蔡焱南 | U78: =I78-L78 -> 545 | V78: =U78/I78 -> 0.10092593 | W78: =I78 -> 5400 | AB78: =AC78/I78-1 -> 0 | AC78: =W78 -> 5400 | AD78: =IFERROR(VLOOKUP(B78&C78&F78,'FTL volume (customer provided)'!B:E,4,0),"") -> 3 | AE78: =IFERROR(AC78*AD78,"") -> 16200 | AF78: =IFERROR(AD78*I78,"") -> 16200
A79: =B79&C79&F79&G79 -> GuangdongShenzhen15TDRY | B79: Guangdong | C79: Shenzhen | D79: 广东 | E79: 深圳 | F79: 15T | G79: DRY | I79: 5500 | K79: 华南 - 许建生 | L79: =VLOOKUP(A79,'供應商0827 - 1200更新線路報價'!A:H,8,0) -> 5080 | M79: 3 | N79: 4400 | O79: =IFERROR(VLOOKUP(B79&C79&F79&G79,'供應商0827 - 1200更新線路報價'!A:H,8,0),"") -> 5080 | Q79: 5080 | R79: 3 | S79: =MIN(I79,L79,Q79) -> 5080 | T79: =IF(S79=I79,"總部產品",IF(S79=L79,"蔡焱南","王峰")) -> 蔡焱南 | U79: =I79-L79 -> 420 | V79: =U79/I79 -> 0.076363636 | W79: =I79 -> 5500 | AB79: =AC79/I79-1 -> 0 | AC79: =W79 -> 5500 | AD79: =IFERROR(VLOOKUP(B79&C79&F79,'FTL volume (customer provided)'!B:E,4,0),"") | AE79: =IFERROR(AC79*AD79,"") | AF79: =IFERROR(AD79*I79,"")
A80: =B80&C80&F80&G80 -> GuangdongShenzhen25TDRY | B80: Guangdong | C80: Shenzhen | D80: 广东 | E80: 深圳 | F80: 25T | G80: DRY | I80: 7700 | K80: 华南 - 许建生 | L80: =VLOOKUP(A80,'供應商0827 - 1200更新線路報價'!A:H,8,0) -> 6510 | M80: 3 | N80: 6160 | O80: =IFERROR(VLOOKUP(B80&C80&F80&G80,'供應商0827 - 1200更新線路報價'!A:H,8,0),"") -> 6510 | Q80: 6510 | R80: 3 | S80: =MIN(I80,L80,Q80) -> 6510 | T80: =IF(S80=I80,"總部產品",IF(S80=L80,"蔡焱南","王峰")) -> 蔡焱南 | U80: =I80-L80 -> 1190 | V80: =U80/I80 -> 0.15454545 | W80: =I80 -> 7700 | AB80: =AC80/I80-1 -> 0 | AC80: =W80 -> 7700 | AD80: =IFERROR(VLOOKUP(B80&C80&F80,'FTL volume (customer provided)'!B:E,4,0),"") -> 38 | AE80: =IFERROR(AC80*AD80,"") -> 292600 | AF80: =IFERROR(AD80*I80,"") -> 292600
A81: =B81&C81&F81&G81 -> GuangdongShenzhen26TDRY | B81: Guangdong | C81: Shenzhen | D81: 广东 | E81: 深圳 | F81: 26T | G81: DRY | I81: 7800 | K81: 华南 - 许建生 | L81: =VLOOKUP(A81,'供應商0827 - 1200更新線路報價'!A:H,8,0) -> 6510 | M81: 3 | N81: 6240 | O81: =IFERROR(VLOOKUP(B81&C81&F81&G81,'供應商0827 - 1200更新線路報價'!A:H,8,0),"") -> 6510 | Q81: 6510 | R81: 3 | S81: =MIN(I81,L81,Q81) -> 6510 | T81: =IF(S81=I81,"總部產品",IF(S81=L81,"蔡焱南","王峰")) -> 蔡焱南 | U81: =I81-L81 -> 1290 | V81: =U81/I81 -> 0.16538462 | W81: =I81 -> 7800 | AB81: =AC81/I81-1 -> 0 | AC81: =W81 -> 7800 | AD81: =IFERROR(VLOOKUP(B81&C81&F81,'FTL volume (customer provided)'!B:E,4,0),"") | AE81: =IFERROR(AC81*AD81,"") | AF81: =IFERROR(AD81*I81,"")
A82: =B82&C82&F82&G82 -> GuangdongShenzhen3TDRY | B82: Guangdong | C82: Shenzhen | D82: 广东 | E82: 深圳 | F82: 3T | G82: DRY | I82: 3800 | K82: 华南 - 许建生 | L82: =VLOOKUP(A82,'供應商0827 - 1200更新線路報價'!A:H,8,0) -> 3200 | M82: 3 | N82: 3040 | O82: =IFERROR(VLOOKUP(B82&C82&F82&G82,'供應商0827 - 1200更新線路報價'!A:H,8,0),"") -> 3200 | Q82: 3200 | R82: 3 | S82: =MIN(I82,L82,Q82) -> 3200 | T82: =IF(S82=I82,"總部產品",IF(S82=L82,"蔡焱南","王峰")) -> 蔡焱南 | U82: =I82-L82 -> 600 | V82: =U82/I82 -> 0.15789474 | W82: =I82 -> 3800 | AB82: =AC82/I82-1 -> 0 | AC82: =W82 -> 3800 | AD82: =IFERROR(VLOOKUP(B82&C82&F82,'FTL volume (customer provided)'!B:E,4,0),"") | AE82: =IFERROR(AC82*AD82,"") | AF82: =IFERROR(AD82*I82,"")
A83: =B83&C83&F83&G83 -> GuangdongShenzhen5TDRY | B83: Guangdong | C83: Shenzhen | D83: 广东 | E83: 深圳 | F83: 5T | G83: DRY | I83: 4800 | K83: 华南 - 许建生 | L83: =VLOOKUP(A83,'供應商0827 - 1200更新線路報價'!A:H,8,0) -> 3860 | M83: 3 | N83: 3840 | O83: =IFERROR(VLOOKUP(B83&C83&F83&G83,'供應商0827 - 1200更新線路報價'!A:H,8,0),"") -> 3860 | Q83: 3860 | R83: 3 | S83: =MIN(I83,L83,Q83) -> 3860 | T83: =IF(S83=I83,"總部產品",IF(S83=L83,"蔡焱南","王峰")) -> 蔡焱南 | U83: =I83-L83 -> 940 | V83: =U83/I83 -> 0.19583333 | W83: =I83 -> 4800 | AB83: =AC83/I83-1 -> 0 | AC83: =W83 -> 4800 | AD83: =IFERROR(VLOOKUP(B83&C83&F83,'FTL volume (customer provided)'!B:E,4,0),"") | AE83: =IFERROR(AC83*AD83,"") | AF83: =IFERROR(AD83*I83,"")
A84: =B84&C84&F84&G84 -> GuangdongShenzhen8TDRY | B84: Guangdong | C84: Shenzhen | D84: 广东 | E84: 深圳 | F84: 8T | G84: DRY | I84: 4900 | K84: 华南 - 许建生 | L84: =VLOOKUP(A84,'供應商0827 - 1200更新線路報價'!A:H,8,0) -> 3975 | M84: 3 | N84: 3920 | O84: =IFERROR(VLOOKUP(B84&C84&F84&G84,'供應商0827 - 1200更新線路報價'!A:H,8,0),"") -> 3975 | Q84: 3975 | R84: 3 | S84: =MIN(I84,L84,Q84) -> 3975 | T84: =IF(S84=I84,"總部產品",IF(S84=L84,"蔡焱南","王峰")) -> 蔡焱南 | U84: =I84-L84 -> 925 | V84: =U84/I84 -> 0.18877551 | W84: =I84 -> 4900 | AB84: =AC84/I84-1 -> 0 | AC84: =W84 -> 4900 | AD84: =IFERROR(VLOOKUP(B84&C84&F84,'FTL volume (customer provided)'!B:E,4,0),"") | AE84: =IFERROR(AC84*AD84,"") | AF84: =IFERROR(AD84*I84,"")
A85: =B85&C85&F85&G85 -> GuangdongShenzhen40'HQDRY - SOC | B85: Guangdong | C85: Shenzhen | D85: 广东 | E85: 深圳 | F85: 40'HQ | G85: DRY - SOC | I85: 6900 | J85: DRY - SOC（自备柜） | K85: 华南 - 许建生 | L85: =VLOOKUP(A85,'供應商0827 - 1200更新線路報價'!A:H,8,0) -> 6510 | M85: 3 | N85: 5520 | O85: =IFERROR(VLOOKUP(B85&C85&F85&G85,'供應商0827 - 1200更新線路報價'!A:H,8,0),"") -> 6510 | Q85: 6510 | R85: 3 | S85: =MIN(I85,L85,Q85) -> 6510 | T85: =IF(S85=I85,"總部產品",IF(S85=L85,"蔡焱南","王峰")) -> 蔡焱南 | U85: =I85-L85 -> 390 | V85: =U85/I85 -> 0.056521739 | W85: =ROUNDUP(I85*1.02,0) -> 7038 | AB85: =AC85/I85-1 -> 0.02 | AC85: =W85 -> 7038 | AD85: =IFERROR(VLOOKUP(B85&C85&F85,'FTL volume (customer provided)'!B:E,4,0),"") | AE85: =IFERROR(AC85*AD85,"") | AF85: =IFERROR(AD85*I85,"")
A86: =B86&C86&F86&G86 -> GuangdongZhaoqing5TDRY | B86: Guangdong | C86: Zhaoqing | D86: 广东 | E86: 肇庆 | F86: 5T | G86: DRY | I86: 5300 | K86: 华南 - 许建生 | L86: =VLOOKUP(A86,'供應商0827 - 1200更新線路報價'!A:H,8,0) -> 4025 | M86: 3 | N86: 3975 | O86: =IFERROR(VLOOKUP(B86&C86&F86&G86,'供應商0827 - 1200更新線路報價'!A:H,8,0),"") -> 4025 | Q86: 4025 | R86: 3 | S86: =MIN(I86,L86,Q86) -> 4025 | T86: =IF(S86=I86,"總部產品",IF(S86=L86,"蔡焱南","王峰")) -> 蔡焱南 | U86: =I86-L86 -> 1275 | V86: =U86/I86 -> 0.24056604 | W86: =I86 -> 5300 | AB86: =AC86/I86-1 -> 0 | AC86: =W86 -> 5300 | AD86: =IFERROR(VLOOKUP(B86&C86&F86,'FTL volume (customer provided)'!B:E,4,0),"") -> 1 | AE86: =IFERROR(AC86*AD86,"") -> 5300 | AF86: =IFERROR(AD86*I86,"") -> 5300
A87: =B87&C87&F87&G87 -> GuangdongZhongshan10TDRY | B87: Guangdong | C87: Zhongshan | D87: 广东 | E87: 中山 | F87: 10T | G87: DRY | I87: 5600 | K87: 华南 - 许建生 | L87: =VLOOKUP(A87,'供應商0827 - 1200更新線路報價'!A:H,8,0) -> 4965 | M87: 3 | N87: 4480 | O87: =IFERROR(VLOOKUP(B87&C87&F87&G87,'供應商0827 - 1200更新線路報價'!A:H,8,0),"") -> 4965 | Q87: 4965 | R87: 3 | S87: =MIN(I87,L87,Q87) -> 4965 | T87: =IF(S87=I87,"總部產品",IF(S87=L87,"蔡焱南","王峰")) -> 蔡焱南 | U87: =I87-L87 -> 635 | V87: =U87/I87 -> 0.11339286 | W87: =I87 -> 5600 | AB87: =AC87/I87-1 -> 0 | AC87: =W87 -> 5600 | AD87: =IFERROR(VLOOKUP(B87&C87&F87,'FTL volume (customer provided)'!B:E,4,0),"") | AE87: =IFERROR(AC87*AD87,"") | AF87: =IFERROR(AD87*I87,"")
A88: =B88&C88&F88&G88 -> GuangdongZhongshan12TDRY | B88: Guangdong | C88: Zhongshan | D88: 广东 | E88: 中山 | F88: 12T | G88: DRY | I88: 5700 | K88: 华南 - 许建生 | L88: =VLOOKUP(A88,'供應商0827 - 1200更新線路報價'!A:H,8,0) -> 5080 | M88: 3 | N88: 4560 | O88: =IFERROR(VLOOKUP(B88&C88&F88&G88,'供應商0827 - 1200更新線路報價'!A:H,8,0),"") -> 5080 | Q88: 5080 | R88: 3 | S88: =MIN(I88,L88,Q88) -> 5080 | T88: =IF(S88=I88,"總部產品",IF(S88=L88,"蔡焱南","王峰")) -> 蔡焱南 | U88: =I88-L88 -> 620 | V88: =U88/I88 -> 0.10877193 | W88: =I88 -> 5700 | AB88: =AC88/I88-1 -> 0 | AC88: =W88 -> 5700 | AD88: =IFERROR(VLOOKUP(B88&C88&F88,'FTL volume (customer provided)'!B:E,4,0),"") -> 10 | AE88: =IFERROR(AC88*AD88,"") -> 57000 | AF88: =IFERROR(AD88*I88,"") -> 57000
A89: =B89&C89&F89&G89 -> GuangdongZhongshan15TDRY | B89: Guangdong | C89: Zhongshan | D89: 广东 | E89: 中山 | F89: 15T | G89: DRY | I89: 5800 | K89: 华南 - 许建生 | L89: =VLOOKUP(A89,'供應商0827 - 1200更新線路報價'!A:H,8,0) -> 5295 | M89: 3 | N89: 4640 | O89: =IFERROR(VLOOKUP(B89&C89&F89&G89,'供應商0827 - 1200更新線路報價'!A:H,8,0),"") -> 5295 | Q89: 5295 | R89: 3 | S89: =MIN(I89,L89,Q89) -> 5295 | T89: =IF(S89=I89,"總部產品",IF(S89=L89,"蔡焱南","王峰")) -> 蔡焱南 | U89: =I89-L89 -> 505 | V89: =U89/I89 -> 0.087068966 | W89: =I89 -> 5800 | AB89: =AC89/I89-1 -> 0 | AC89: =W89 -> 5800 | AD89: =IFERROR(VLOOKUP(B89&C89&F89,'FTL volume (customer provided)'!B:E,4,0),"") | AE89: =IFERROR(AC89*AD89,"") | AF89: =IFERROR(AD89*I89,"")
A90: =B90&C90&F90&G90 -> GuangdongZhongshan26TDRY | B90: Guangdong | C90: Zhongshan | D90: 广东 | E90: 中山 | F90: 26T | G90: DRY | I90: 8300 | K90: 华南 - 许建生 | L90: =VLOOKUP(A90,'供應商0827 - 1200更新線路報價'!A:H,8,0) -> 6615 | M90: 3 | N90: 6225 | O90: =IFERROR(VLOOKUP(B90&C90&F90&G90,'供應商0827 - 1200更新線路報價'!A:H,8,0),"") -> 6615 | Q90: 6615 | R90: 3 | S90: =MIN(I90,L90,Q90) -> 6615 | T90: =IF(S90=I90,"總部產品",IF(S90=L90,"蔡焱南","王峰")) -> 蔡焱南 | U90: =I90-L90 -> 1685 | V90: =U90/I90 -> 0.20301205 | W90: =I90 -> 8300 | AB90: =AC90/I90-1 -> 0 | AC90: =W90 -> 8300 | AD90: =IFERROR(VLOOKUP(B90&C90&F90,'FTL volume (customer provided)'!B:E,4,0),"") | AE90: =IFERROR(AC90*AD90,"") | AF90: =IFERROR(AD90*I90,"")
A91: =B91&C91&F91&G91 -> GuangdongZhongshan3TDRY | B91: Guangdong | C91: Zhongshan | D91: 广东 | E91: 中山 | F91: 3T | G91: DRY | I91: 3900 | K91: 华南 - 许建生 | L91: =VLOOKUP(A91,'供應商0827 - 1200更新線路報價'!A:H,8,0) -> 3310 | M91: 3 | N91: 3120 | O91: =IFERROR(VLOOKUP(B91&C91&F91&G91,'供應商0827 - 1200更新線路報價'!A:H,8,0),"") -> 3310 | Q91: 3310 | R91: 3 | S91: =MIN(I91,L91,Q91) -> 3310 | T91: =IF(S91=I91,"總部產品",IF(S91=L91,"蔡焱南","王峰")) -> 蔡焱南 | U91: =I91-L91 -> 590 | V91: =U91/I91 -> 0.15128205 | W91: =I91 -> 3900 | AB91: =AC91/I91-1 -> 0 | AC91: =W91 -> 3900 | AD91: =IFERROR(VLOOKUP(B91&C91&F91,'FTL volume (customer provided)'!B:E,4,0),"") | AE91: =IFERROR(AC91*AD91,"") | AF91: =IFERROR(AD91*I91,"")
A92: =B92&C92&F92&G92 -> GuangdongZhongshan40'HQDRY - SOC | B92: Guangdong | C92: Zhongshan | D92: 广东 | E92: 中山 | F92: 40'HQ | G92: DRY - SOC | I92: 7400 | J92: DRY - SOC（自备柜） | K92: 华南 - 许建生 | L92: =VLOOKUP(A92,'供應商0827 - 1200更新線路報價'!A:H,8,0) -> 6615 | M92: 3 | N92: 5920 | O92: =IFERROR(VLOOKUP(B92&C92&F92&G92,'供應商0827 - 1200更新線路報價'!A:H,8,0),"") -> 6615 | Q92: 6615 | R92: 3 | S92: =MIN(I92,L92,Q92) -> 6615 | T92: =IF(S92=I92,"總部產品",IF(S92=L92,"蔡焱南","王峰")) -> 蔡焱南 | U92: =I92-L92 -> 785 | V92: =U92/I92 -> 0.10608108 | W92: =I92 -> 7400 | AB92: =AC92/I92-1 -> 0 | AC92: =W92 -> 7400 | AD92: =IFERROR(VLOOKUP(B92&C92&F92,'FTL volume (customer provided)'!B:E,4,0),"") -> 1 | AE92: =IFERROR(AC92*AD92,"") -> 7400 | AF92: =IFERROR(AD92*I92,"") -> 7400
A93: =B93&C93&F93&G93 -> GuangdongZhuhai3TDRY | B93: Guangdong | C93: Zhuhai | D93: 广东 | E93: 珠海 | F93: 3T | G93: DRY | I93: 3900 | K93: 华南 - 许建生 | L93: =VLOOKUP(A93,'供應商0827 - 1200更新線路報價'!A:H,8,0) -> 3310 | M93: 3 | N93: 3120 | O93: =IFERROR(VLOOKUP(B93&C93&F93&G93,'供應商0827 - 1200更新線路報價'!A:H,8,0),"") -> 3310 | Q93: 3310 | R93: 3 | S93: =MIN(I93,L93,Q93) -> 3310 | T93: =IF(S93=I93,"總部產品",IF(S93=L93,"蔡焱南","王峰")) -> 蔡焱南 | U93: =I93-L93 -> 590 | V93: =U93/I93 -> 0.15128205 | W93: =I93 -> 3900 | AB93: =AC93/I93-1 -> 0 | AC93: =W93 -> 3900 | AD93: =IFERROR(VLOOKUP(B93&C93&F93,'FTL volume (customer provided)'!B:E,4,0),"") -> 1 | AE93: =IFERROR(AC93*AD93,"") -> 3900 | AF93: =IFERROR(AD93*I93,"") -> 3900
A94: =B94&C94&F94&G94 -> GuangdongZhuhai40'HQDRY - SOC | B94: Guangdong | C94: Zhuhai | D94: 广东 | E94: 珠海 | F94: 40'HQ | G94: DRY - SOC | I94: 7400 | J94: DRY - SOC（自备柜） | K94: 华南 - 许建生 | L94: =VLOOKUP(A94,'供應商0827 - 1200更新線路報價'!A:H,8,0) -> 6615 | M94: 3 | N94: 5920 | O94: =IFERROR(VLOOKUP(B94&C94&F94&G94,'供應商0827 - 1200更新線路報價'!A:H,8,0),"") -> 6615 | Q94: 6615 | R94: 3 | S94: =MIN(I94,L94,Q94) -> 6615 | T94: =IF(S94=I94,"總部產品",IF(S94=L94,"蔡焱南","王峰")) -> 蔡焱南 | U94: =I94-L94 -> 785 | V94: =U94/I94 -> 0.10608108 | W94: =I94 -> 7400 | AB94: =AC94/I94-1 -> 0 | AC94: =W94 -> 7400 | AD94: =IFERROR(VLOOKUP(B94&C94&F94,'FTL volume (customer provided)'!B:E,4,0),"") | AE94: =IFERROR(AC94*AD94,"") | AF94: =IFERROR(AD94*I94,"")
A95: =B95&C95&F95&G95 -> GuangxiHechi26TDRY | B95: Guangxi | C95: Hechi | D95: 广西 | E95: 河池 | F95: 26T | G95: DRY | I95: 10500 | K95: 华南 - 许建生 | L95: =VLOOKUP(A95,'供應商0827 - 1200更新線路報價'!A:H,8,0) -> 8935 | M95: 4 | N95: 8400 | O95: =IFERROR(VLOOKUP(B95&C95&F95&G95,'供應商0827 - 1200更新線路報價'!A:H,8,0),"") -> 8935 | Q95: 8935 | R95: 4 | S95: =MIN(I95,L95,Q95) -> 8935 | T95: =IF(S95=I95,"總部產品",IF(S95=L95,"蔡焱南","王峰")) -> 蔡焱南 | U95: =I95-L95 -> 1565 | V95: =U95/I95 -> 0.14904762 | W95: =I95 -> 10500 | AB95: =AC95/I95-1 -> 0 | AC95: =W95 -> 10500 | AD95: =IFERROR(VLOOKUP(B95&C95&F95,'FTL volume (customer provided)'!B:E,4,0),"") | AE95: =IFERROR(AC95*AD95,"") | AF95: =IFERROR(AD95*I95,"")
A96: =B96&C96&F96&G96 -> GuangxiHechi5TDRY | B96: Guangxi | C96: Hechi | D96: 广西 | E96: 河池 | F96: 5T | G96: DRY | I96: 7000 | K96: 华南 - 许建生 | L96: =VLOOKUP(A96,'供應商0827 - 1200更新線路報價'!A:H,8,0) -> 4745 | M96: 4 | N96: 4745 | O96: =IFERROR(VLOOKUP(B96&C96&F96&G96,'供應商0827 - 1200更新線路報價'!A:H,8,0),"") -> 4745 | Q96: 4745 | R96: 4 | S96: =MIN(I96,L96,Q96) -> 4745 | T96: =IF(L96=S96,"蔡焱南",IF(S96=I96,"總部產品",IF(S96=L96,"蔡焱南","王峰"))) -> 蔡焱南 | U96: =I96-L96 -> 2255 | V96: =U96/I96 -> 0.32214286 | W96: =I96 -> 7000 | AB96: =AC96/I96-1 -> 0 | AC96: =W96 -> 7000 | AD96: =IFERROR(VLOOKUP(B96&C96&F96,'FTL volume (customer provided)'!B:E,4,0),"") | AE96: =IFERROR(AC96*AD96,"") | AF96: =IFERROR(AD96*I96,"")
A97: =B97&C97&F97&G97 -> GuangxiPubei10TDRY | B97: Guangxi | C97: Pubei | D97: 广西 | E97: 浦北县 | F97: 10T | G97: DRY | I97: 7300 | K97: 华南 - 许建生 | L97: =VLOOKUP(A97,'供應商0827 - 1200更新線路報價'!A:H,8,0) -> 5955 | M97: 4 | N97: 5840 | O97: =IFERROR(VLOOKUP(B97&C97&F97&G97,'供應商0827 - 1200更新線路報價'!A:H,8,0),"") -> 5955 | Q97: 5955 | R97: 4 | S97: =MIN(I97,L97,Q97) -> 5955 | T97: =IF(S97=I97,"總部產品",IF(S97=L97,"蔡焱南","王峰")) -> 蔡焱南 | U97: =I97-L97 -> 1345 | V97: =U97/I97 -> 0.18424658 | W97: =I97 -> 7300 | AB97: =AC97/I97-1 -> 0 | AC97: =W97 -> 7300 | AD97: =IFERROR(VLOOKUP(B97&C97&F97,'FTL volume (customer provided)'!B:E,4,0),"") | AE97: =IFERROR(AC97*AD97,"") | AF97: =IFERROR(AD97*I97,"")
A98: =B98&C98&F98&G98 -> GuangxiPubei12TDRY | B98: Guangxi | C98: Pubei | D98: 广西 | E98: 浦北县 | F98: 12T | G98: DRY | I98: 7400 | K98: 华南 - 许建生 | L98: =VLOOKUP(A98,'供應商0827 - 1200更新線路報價'!A:H,8,0) -> 6510 | M98: 4 | N98: 5920 | O98: =IFERROR(VLOOKUP(B98&C98&F98&G98,'供應商0827 - 1200更新線路報價'!A:H,8,0),"") -> 6510 | Q98: 6510 | R98: 4 | S98: =MIN(I98,L98,Q98) -> 6510 | T98: =IF(S98=I98,"總部產品",IF(S98=L98,"蔡焱南","王峰")) -> 蔡焱南 | U98: =I98-L98 -> 890 | V98: =U98/I98 -> 0.12027027 | W98: =I98 -> 7400 | AB98: =AC98/I98-1 -> 0 | AC98: =W98 -> 7400 | AD98: =IFERROR(VLOOKUP(B98&C98&F98,'FTL volume (customer provided)'!B:E,4,0),"") | AE98: =IFERROR(AC98*AD98,"") | AF98: =IFERROR(AD98*I98,"")
A99: =B99&C99&F99&G99 -> GuangxiPubei15TDRY | B99: Guangxi | C99: Pubei | D99: 广西 | E99: 浦北县 | F99: 15T | G99: DRY | I99: 7500 | K99: 华南 - 许建生 | L99: =VLOOKUP(A99,'供應商0827 - 1200更新線路報價'!A:H,8,0) -> 6615 | M99: 4 | N99: 6000 | O99: =IFERROR(VLOOKUP(B99&C99&F99&G99,'供應商0827 - 1200更新線路報價'!A:H,8,0),"") -> 6615 | Q99: 6615 | R99: 4 | S99: =MIN(I99,L99,Q99) -> 6615 | T99: =IF(S99=I99,"總部產品",IF(S99=L99,"蔡焱南","王峰")) -> 蔡焱南 | U99: =I99-L99 -> 885 | V99: =U99/I99 -> 0.118 | W99: =I99 -> 7500 | AB99: =AC99/I99-1 -> 0 | AC99: =W99 -> 7500 | AD99: =IFERROR(VLOOKUP(B99&C99&F99,'FTL volume (customer provided)'!B:E,4,0),"") | AE99: =IFERROR(AC99*AD99,"") | AF99: =IFERROR(AD99*I99,"")
A100: =B100&C100&F100&G100 -> GuangxiPubei26TDRY | B100: Guangxi | C100: Pubei | D100: 广西 | E100: 浦北县 | F100: 26T | G100: DRY | I100: 10700 | K100: 华南 - 许建生 | L100: =VLOOKUP(A100,'供應商0827 - 1200更新線路報價'!A:H,8,0) -> 8935 | M100: 4 | N100: 8560 | O100: =IFERROR(VLOOKUP(B100&C100&F100&G100,'供應商0827 - 1200更新線路報價'!A:H,8,0),"") -> 8935 | Q100: 8935 | R100: 4 | S100: =MIN(I100,L100,Q100) -> 8935 | T100: =IF(S100=I100,"總部產品",IF(S100=L100,"蔡焱南","王峰")) -> 蔡焱南 | U100: =I100-L100 -> 1765 | V100: =U100/I100 -> 0.16495327 | W100: =I100 -> 10700 | AB100: =AC100/I100-1 -> 0 | AC100: =W100 -> 10700 | AD100: =IFERROR(VLOOKUP(B100&C100&F100,'FTL volume (customer provided)'!B:E,4,0),"") | AE100: =IFERROR(AC100*AD100,"") | AF100: =IFERROR(AD100*I100,"")
...

Sheet LTL
B1: LESS THAN TRUCKLOAD RATES
B2: Rates to be awarded by MOT. Rates submitted must not be contingent upon bundled award.
B4: Destinations
B5: SHDR DC1(Main DC):上海临港新城普洛斯临港物流园洋浩路575号 No.575 Yanghao Road, Pudong New District, Shanghai, China
B6: TDSC DC:上海市奉贤区航塘公路3088号C栋3楼DISNEY STORE WAREHOUSE,KERRYEAS SHANGHAI DISTRIBUTION CENTER C3,3088 HANGTANG HIGHWAY,FENGXIAN DISTRICT, SHANGHAI
F8: SHDR DC1/TDSC DC
B9: Currency :RMB | C9: Exclude VAT | F9: Rate (RMB) | J9: 蔡焱南8/27報價 | M9: 王峰AP | T9: 一輪AR | X9: AR (RMB）
B10: Origin Province | C10: Origin City | D10: Sum of 2027 Projected vol(cbm) | E10: Historical No. of Shipments | F10: Transit Days (excluding pick up day) | G10: Minimum Charge (RMB) excluding VAT | H10: Rate (RMB) per Kg excluding VAT | J10: Transit Days (excluding pick up day) | K10: Minimum Charge (RMB) excluding VAT | L10: Rate (RMB) per Kg excluding VAT | M10: Transit Days (excluding pick up day) | N10: Minimum Charge (RMB) excluding VAT | O10: Rate (RMB) per Kg excluding VAT | P10: MIN價格 | Q10: 比對結果 | R10: KG Rate | S10: 比對結果 | T10: Minimum Charge (RMB) excluding VAT | U10: Rate (RMB) per Kg excluding VAT | W10: 利潤 | X10: Minimum Charge (RMB) excluding VAT | Y10: Rate (RMB) per Kg excluding VAT | Z10: 平均每批貨量 | AA10: 預計營收 | AB10: 預計成本
A11: =B11&C11 -> AnhuiChaohu | B11: Anhui | C11: Chaohu | D11: 227.23304 | E11: 11 | F11: 2 | G11: 500 | H11: 0.35 | I11: 华东 - 孙理想 | J11: 2 | K11: 300 | L11: 0.35 | M11: 2 | N11: 400 | O11: 0.399 | P11: =MIN(G11,K11,N11) -> 300 | Q11: =IF(P11=K11,"蔡焱南",IF(P11=G11,"總部產品",IF(P11=K11,"蔡焱南","王峰"))) -> 蔡焱南 | R11: =MIN(H11,L11,O11) -> 0.35 | S11: =IF(L11=R11,"蔡焱南",IF(R11=H11,"總部產品",IF(R11=L11,"蔡焱南","王峰"))) -> 蔡焱南 | T11: =ROUNDUP(G11*1.1,0) -> 550 | U11: =ROUNDUP(H11*1.1,2) -> 0.39 | W11: 0.15 | X11: =T11 -> 550 | Y11: =U11 -> 0.39 | Z11: =ROUNDUP(D11/E11*166.67,0) -> 3443 | AA11: =MAX(X11,Z11*Y11)*E11 -> 14770.47 | AB11: =MAX(G11,Z11*H11)*E11 -> 13255.55
A12: =B12&C12 -> AnhuiChuzhou | B12: Anhui | C12: Chuzhou | D12: 21.71286 | E12: 2 | F12: 2 | G12: 500 | H12: 0.35 | I12: 华东 - 孙理想 | J12: 2 | K12: 300 | L12: 0.35 | M12: 2 | N12: 400 | O12: 0.42 | P12: =MIN(G12,K12,N12) -> 300 | Q12: =IF(P12=K12,"蔡焱南",IF(P12=G12,"總部產品",IF(P12=K12,"蔡焱南","王峰"))) -> 蔡焱南 | R12: =MIN(H12,L12,O12) -> 0.35 | S12: =IF(L12=R12,"蔡焱南",IF(R12=H12,"總部產品",IF(R12=L12,"蔡焱南","王峰"))) -> 蔡焱南 | T12: =ROUNDUP(G12*1.1,0) -> 550 | U12: =ROUNDUP(H12*1.1,2) -> 0.39 | W12: 0.15 | X12: =T12 -> 550 | Y12: =U12 -> 0.39 | Z12: =ROUNDUP(D12/E12*166.67,0) -> 1810 | AA12: =MAX(X12,Z12*Y12)*E12 -> 1411.8 | AB12: =MAX(G12,Z12*H12)*E12 -> 1267
A13: =B13&C13 -> AnhuiTianchang | B13: Anhui | C13: Tianchang | D13: 154.52583 | E13: 20 | F13: 2 | G13: 500 | H13: 0.38 | I13: 华东 - 孙理想 | J13: 2 | K13: 300 | L13: 0.38 | M13: 2 | N13: 400 | O13: 0.42 | P13: =MIN(G13,K13,N13) -> 300 | Q13: =IF(P13=K13,"蔡焱南",IF(P13=G13,"總部產品",IF(P13=K13,"蔡焱南","王峰"))) -> 蔡焱南 | R13: =MIN(H13,L13,O13) -> 0.38 | S13: =IF(L13=R13,"蔡焱南",IF(R13=H13,"總部產品",IF(R13=L13,"蔡焱南","王峰"))) -> 蔡焱南 | T13: =ROUNDUP(G13*1.1,0) -> 550 | U13: =ROUNDUP(H13*1.1,2) -> 0.42 | W13: 0.15 | X13: =T13 -> 550 | Y13: =U13 -> 0.42 | Z13: =ROUNDUP(D13/E13*166.67,0) -> 1288 | AA13: =MAX(X13,Z13*Y13)*E13 -> 11000 | AB13: =MAX(G13,Z13*H13)*E13 -> 10000
A14: =B14&C14 -> AnhuiXuancheng | B14: Anhui | C14: Xuancheng | D14: 7.2174 | E14: 2 | F14: 2 | G14: 500 | H14: 0.35 | I14: 华东 - 孙理想 | J14: 2 | K14: 300 | L14: 0.35 | M14: 2 | N14: 400 | O14: 0.42 | P14: =MIN(G14,K14,N14) -> 300 | Q14: =IF(P14=K14,"蔡焱南",IF(P14=G14,"總部產品",IF(P14=K14,"蔡焱南","王峰"))) -> 蔡焱南 | R14: =MIN(H14,L14,O14) -> 0.35 | S14: =IF(L14=R14,"蔡焱南",IF(R14=H14,"總部產品",IF(R14=L14,"蔡焱南","王峰"))) -> 蔡焱南 | T14: =ROUNDUP(G14*1.1,0) -> 550 | U14: =ROUNDUP(H14*1.1,2) -> 0.39 | W14: 0.15 | X14: =T14 -> 550 | Y14: =U14 -> 0.39 | Z14: =ROUNDUP(D14/E14*166.67,0) -> 602 | AA14: =MAX(X14,Z14*Y14)*E14 -> 1100 | AB14: =MAX(G14,Z14*H14)*E14 -> 1000
A15: =B15&C15 -> FujianQuanzhou | B15: Fujian | C15: Quanzhou | D15: 91.57886 | E15: 10 | F15: 2 | G15: 450 | H15: 1.1 | I15: 华南 - 许建生 | J15: 3 | K15: 400 | L15: 0.4725 | M15: 3 | N15: 400 | O15: 0.4725 | P15: =MIN(G15,K15,N15) -> 400 | Q15: =IF(P15=K15,"蔡焱南",IF(P15=G15,"總部產品",IF(P15=K15,"蔡焱南","王峰"))) -> 蔡焱南 | R15: =MIN(H15,L15,O15) -> 0.4725 | S15: =IF(L15=R15,"蔡焱南",IF(R15=H15,"總部產品",IF(R15=L15,"蔡焱南","王峰"))) -> 蔡焱南 | T15: =ROUNDUP(G15*1.1,0) -> 495 | U15: =ROUNDUP(H15*1.1,2) -> 1.21 | W15: 0.15 | X15: =T15 -> 495 | Y15: =U15 -> 1.21 | Z15: =ROUNDUP(D15/E15*166.67,0) -> 1527 | AA15: =MAX(X15,Z15*Y15)*E15 -> 18476.7 | AB15: =MAX(G15,Z15*H15)*E15 -> 16797
A16: =B16&C16 -> FujianShishi | B16: Fujian | C16: Shishi | D16: 86.01258 | E16: 65 | F16: 2 | G16: 450 | H16: 1.1 | I16: 华南 - 许建生 | J16: 3 | K16: 400 | L16: 0.4725 | M16: 3 | N16: 400 | O16: 0.4725 | P16: =MIN(G16,K16,N16) -> 400 | Q16: =IF(P16=K16,"蔡焱南",IF(P16=G16,"總部產品",IF(P16=K16,"蔡焱南","王峰"))) -> 蔡焱南 | R16: =MIN(H16,L16,O16) -> 0.4725 | S16: =IF(L16=R16,"蔡焱南",IF(R16=H16,"總部產品",IF(R16=L16,"蔡焱南","王峰"))) -> 蔡焱南 | T16: =ROUNDUP(G16*1.1,0) -> 495 | U16: =ROUNDUP(H16*1.1,2) -> 1.21 | W16: 0.15 | X16: =T16 -> 495 | Y16: =U16 -> 1.21 | Z16: =ROUNDUP(D16/E16*166.67,0) -> 221 | AA16: =MAX(X16,Z16*Y16)*E16 -> 32175 | AB16: =MAX(G16,Z16*H16)*E16 -> 29250
A17: =B17&C17 -> FujianXiamen | B17: Fujian | C17: Xiamen | D17: 19.488026 | E17: 8 | F17: 2 | G17: 450 | H17: 1.1 | I17: 华南 - 许建生 | J17: 3 | K17: 400 | L17: 0.4725 | M17: 3 | N17: 400 | O17: 0.4725 | P17: =MIN(G17,K17,N17) -> 400 | Q17: =IF(P17=K17,"蔡焱南",IF(P17=G17,"總部產品",IF(P17=K17,"蔡焱南","王峰"))) -> 蔡焱南 | R17: =MIN(H17,L17,O17) -> 0.4725 | S17: =IF(L17=R17,"蔡焱南",IF(R17=H17,"總部產品",IF(R17=L17,"蔡焱南","王峰"))) -> 蔡焱南 | T17: =ROUNDUP(G17*1.1,0) -> 495 | U17: =ROUNDUP(H17*1.1,2) -> 1.21 | W17: 0.15 | X17: =T17 -> 495 | Y17: =U17 -> 1.21 | Z17: =ROUNDUP(D17/E17*166.67,0) -> 407 | AA17: =MAX(X17,Z17*Y17)*E17 -> 3960 | AB17: =MAX(G17,Z17*H17)*E17 -> 3600
A18: =B18&C18 -> FujianZhangzhou | B18: Fujian | C18: Zhangzhou | D18: 105.74955 | E18: 22 | F18: 2 | G18: 450 | H18: 1.2 | I18: 华南 - 许建生 | J18: 3 | K18: 400 | L18: 0.4725 | M18: 3 | N18: 400 | O18: 0.4725 | P18: =MIN(G18,K18,N18) -> 400 | Q18: =IF(P18=K18,"蔡焱南",IF(P18=G18,"總部產品",IF(P18=K18,"蔡焱南","王峰"))) -> 蔡焱南 | R18: =MIN(H18,L18,O18) -> 0.4725 | S18: =IF(L18=R18,"蔡焱南",IF(R18=H18,"總部產品",IF(R18=L18,"蔡焱南","王峰"))) -> 蔡焱南 | T18: =ROUNDUP(G18*1.1,0) -> 495 | U18: =ROUNDUP(H18*1.1,2) -> 1.32 | W18: 0.15 | X18: =T18 -> 495 | Y18: =U18 -> 1.32 | Z18: =ROUNDUP(D18/E18*166.67,0) -> 802 | AA18: =MAX(X18,Z18*Y18)*E18 -> 23290.08 | AB18: =MAX(G18,Z18*H18)*E18 -> 21172.8
A19: =B19&C19 -> GuangdongChaozhou | B19: Guangdong | C19: Chaozhou | D19: 203.64365 | E19: 16 | F19: 3 | G19: 450 | H19: 1.2 | I19: 华南 - 许建生 | J19: 3 | K19: 400 | L19: 0.504 | M19: 4 | N19: 400 | O19: 0.504 | P19: =MIN(G19,K19,N19) -> 400 | Q19: =IF(P19=K19,"蔡焱南",IF(P19=G19,"總部產品",IF(P19=K19,"蔡焱南","王峰"))) -> 蔡焱南 | R19: =MIN(H19,L19,O19) -> 0.504 | S19: =IF(L19=R19,"蔡焱南",IF(R19=H19,"總部產品",IF(R19=L19,"蔡焱南","王峰"))) -> 蔡焱南 | T19: =ROUNDUP(G19*1.1,0) -> 495 | U19: =ROUNDUP(H19*1.1,2) -> 1.32 | W19: 0.15 | X19: =T19 -> 495 | Y19: =U19 -> 1.32 | Z19: =ROUNDUP(D19/E19*166.67,0) -> 2122 | AA19: =MAX(X19,Z19*Y19)*E19 -> 44816.64 | AB19: =MAX(G19,Z19*H19)*E19 -> 40742.4
A20: =B20&C20 -> GuangdongDongguan | B20: Guangdong | C20: Dongguan | D20: 3200.3876 | E20: 450 | F20: 3 | G20: 450 | H20: 1.2 | I20: 华南 - 许建生 | J20: 3 | K20: 400 | L20: 0.4725 | M20: 4 | N20: 400 | O20: 0.4725 | P20: =MIN(G20,K20,N20) -> 400 | Q20: =IF(P20=K20,"蔡焱南",IF(P20=G20,"總部產品",IF(P20=K20,"蔡焱南","王峰"))) -> 蔡焱南 | R20: =MIN(H20,L20,O20) -> 0.4725 | S20: =IF(L20=R20,"蔡焱南",IF(R20=H20,"總部產品",IF(R20=L20,"蔡焱南","王峰"))) -> 蔡焱南 | T20: =ROUNDUP(G20*1.1,0) -> 495 | U20: =ROUNDUP(H20*1.1,2) -> 1.32 | W20: 0.15 | X20: =T20 -> 495 | Y20: =U20 -> 1.32 | Z20: =ROUNDUP(D20/E20*166.67,0) -> 1186 | AA20: =MAX(X20,Z20*Y20)*E20 -> 704484 | AB20: =MAX(G20,Z20*H20)*E20 -> 640440
A21: =B21&C21 -> GuangdongFoshan | B21: Guangdong | C21: Foshan | D21: 13.998618 | E21: 2 | F21: 3 | G21: 450 | H21: 1.2 | I21: 华南 - 许建生 | J21: 3 | K21: 400 | L21: 0.4725 | M21: 4 | N21: 400 | O21: 0.4725 | P21: =MIN(G21,K21,N21) -> 400 | Q21: =IF(P21=K21,"蔡焱南",IF(P21=G21,"總部產品",IF(P21=K21,"蔡焱南","王峰"))) -> 蔡焱南 | R21: =MIN(H21,L21,O21) -> 0.4725 | S21: =IF(L21=R21,"蔡焱南",IF(R21=H21,"總部產品",IF(R21=L21,"蔡焱南","王峰"))) -> 蔡焱南 | T21: =ROUNDUP(G21*1.1,0) -> 495 | U21: =ROUNDUP(H21*1.1,2) -> 1.32 | W21: 0.15 | X21: =T21 -> 495 | Y21: =U21 -> 1.32 | Z21: =ROUNDUP(D21/E21*166.67,0) -> 1167 | AA21: =MAX(X21,Z21*Y21)*E21 -> 3080.88 | AB21: =MAX(G21,Z21*H21)*E21 -> 2800.8
A22: =B22&C22 -> GuangdongGuangzhou | B22: Guangdong | C22: Guangzhou | D22: 11.6629 | E22: 1 | F22: 3 | G22: 450 | H22: 1.2 | I22: 华南 - 许建生 | J22: 3 | K22: 400 | L22: 0.4725 | M22: 4 | N22: 400 | O22: 0.4725 | P22: =MIN(G22,K22,N22) -> 400 | Q22: =IF(P22=K22,"蔡焱南",IF(P22=G22,"總部產品",IF(P22=K22,"蔡焱南","王峰"))) -> 蔡焱南 | R22: =MIN(H22,L22,O22) -> 0.4725 | S22: =IF(L22=R22,"蔡焱南",IF(R22=H22,"總部產品",IF(R22=L22,"蔡焱南","王峰"))) -> 蔡焱南 | T22: =ROUNDUP(G22*1.1,0) -> 495 | U22: =ROUNDUP(H22*1.1,2) -> 1.32 | W22: 0.15 | X22: =T22 -> 495 | Y22: =U22 -> 1.32 | Z22: =ROUNDUP(D22/E22*166.67,0) -> 1944 | AA22: =MAX(X22,Z22*Y22)*E22 -> 2566.08 | AB22: =MAX(G22,Z22*H22)*E22 -> 2332.8
... A35: =B35&C35 -> GuangxiQinzhou | B35: Guangxi | C35: Qinzhou | D35: 353.70176 | E35: 38 | F35: 4 | G35: 650 | H35: 2 | I35: 华南 - 许建生 | J35: 3 | K35: 400 | L35: 0.525 | M35: 5 | N35: 400 | O35: 0.525 | P35: =MIN(G35,K35,N35) -> 400 | Q35: =IF(P35=K35,"蔡焱南",IF(P35=G35,"總部產品",IF(P35=K35,"蔡焱南","王峰"))) -> 蔡焱南 | R35: =MIN(H35,L35,O35) -> 0.525 | S35: =IF(L35=R35,"蔡焱南",IF(R35=H35,"總部產品",IF(R35=L35,"蔡焱南","王峰"))) -> 蔡焱南 | T35: =ROUNDUP(G35*1.1,0) -> 715 | U35: =ROUNDUP(H35*1.1,2) -> 2.2 | W35: 0.15 | X35: =T35 -> 715 | Y35: =U35 -> 2.2 | Z35: =ROUNDUP(D35/E35*166.67,0) -> 1552 | AA35: =MAX(X35,Z35*Y35)*E35 -> 129747.2 | AB35: =MAX(G35,Z35*H35)*E35 -> 117952
A36: =B36&C36 -> HebeiHejian | B36: Hebei | C36: Hejian | D36: 22.994218 | E36: 2 | F36: 4 | G36: 1400 | H36: =750/1000 -> 0.75 | I36: 京津-張學煜 | J36: 3 | K36: 400 | L36: 0.441 | M36: 3 | N36: 400 | O36: 0.441 | P36: =MIN(G36,K36,N36) -> 400 | Q36: =IF(P36=K36,"蔡焱南",IF(P36=G36,"總部產品",IF(P36=K36,"蔡焱南","王峰"))) -> 蔡焱南 | R36: =MIN(H36,L36,O36) -> 0.441 | S36: =IF(L36=R36,"蔡焱南",IF(R36=H36,"總部產品",IF(R36=L36,"蔡焱南","王峰"))) -> 蔡焱南 | T36: =ROUNDUP(G36*1.1,0) -> 1540 | U36: =ROUNDUP(H36*1.1,2) -> 0.83 | W36: 0.15 | X36: =T36 -> 1540 | Y36: =U36 -> 0.83 | Z36: =ROUNDUP(D36/E36*166.67,0) -> 1917 | AA36: =MAX(X36,Z36*Y36)*E36 -> 3182.22 | AB36: =MAX(G36,Z36*H36)*E36 -> 2875.5
A37: =B37&C37 -> HunanChenzhou | B37: Hunan | C37: Chenzhou | D37: 113.98778 | E37: 10 | F37: 4 | G37: 800 | H37: 1.18 | I37: 华中-王莲花 | J37: 3 | K37: 400 | L37: 0.42 | M37: 3 | N37: 400 | O37: 0.42 | P37: =MIN(G37,K37,N37) -> 400 | Q37: =IF(P37=K37,"蔡焱南",IF(P37=G37,"總部產品",IF(P37=K37,"蔡焱南","王峰"))) -> 蔡焱南 | R37: =MIN(H37,L37,O37) -> 0.42 | S37: =IF(L37=R37,"蔡焱南",IF(R37=H37,"總部產品",IF(R37=L37,"蔡焱南","王峰"))) -> 蔡焱南 | T37: =ROUNDUP(G37*1.1,0) -> 880 | U37: =ROUNDUP(H37*1.1,2) -> 1.3 | W37: 0.15 | X37: =T37 -> 880 | Y37: =U37 -> 1.3 | Z37: =ROUNDUP(D37/E37*166.67,0) -> 1900 | AA37: =MAX(X37,Z37*Y37)*E37 -> 24700 | AB37: =MAX(G37,Z37*H37)*E37 -> 22420
A38: =B38&C38 -> HunanZixing | B38: Hunan | C38: Zixing | D38: 43.40608 | E38: 4 | F38: 4 | G38: 800 | H38: 1.18 | I38: 华中-王莲花 | J38: 3 | K38: 400 | L38: 0.42 | M38: 3 | N38: 400 | O38: 0.42 | P38: =MIN(G38,K38,N38) -> 400 | Q38: =IF(P38=K38,"蔡焱南",IF(P38=G38,"總部產品",IF(P38=K38,"蔡焱南","王峰"))) -> 蔡焱南 | R38: =MIN(H38,L38,O38) -> 0.42 | S38: =IF(L38=R38,"蔡焱南",IF(R38=H38,"總部產品",IF(R38=L38,"蔡焱南","王峰"))) -> 蔡焱南 | T38: =ROUNDUP(G38*1.1,0) -> 880 | U38: =ROUNDUP(H38*1.1,2) -> 1.3 | W38: 0.15 | X38: =T38 -> 880 | Y38: =U38 -> 1.3 | Z38: =ROUNDUP(D38/E38*166.67,0) -> 1809 | AA38: =MAX(X38,Z38*Y38)*E38 -> 9406.8 | AB38: =MAX(G38,Z38*H38)*E38 -> 8538.48
A39: =B39&C39 -> JiangsuChangshu | B39: Jiangsu | C39: Changshu | D39: 0.4914 | E39: 1 | F39: 1 | G39: 200 | H39: 0.25 | I39: 华东 - 孙理想 | J39: 1 | K39: 200 | L39: 0.105 | M39: 1 | N39: 400 | O39: 0.105 | P39: =MIN(G39,K39,N39) -> 200 | Q39: =IF(P39=K39,"蔡焱南",IF(P39=G39,"總部產品",IF(P39=K39,"蔡焱南","王峰"))) -> 蔡焱南 | R39: =MIN(H39,L39,O39) -> 0.105 | S39: =IF(L39=R39,"蔡焱南",IF(R39=H39,"總部產品",IF(R39=L39,"蔡焱南","王峰"))) -> 蔡焱南 | T39: =ROUNDUP(G39*1.1,0) -> 220 | U39: =ROUNDUP(H39*1.1,2) -> 0.28 | W39: 0.15 | X39: =T39 -> 220 | Y39: =U39 -> 0.28 | Z39: =ROUNDUP(D39/E39*166.67,0) -> 82 | AA39: =MAX(X39,Z39*Y39)*E39 -> 220 | AB39: =MAX(G39,Z39*H39)*E39 -> 200
A40: =B40&C40 -> JiangsuChangzhou | B40: Jiangsu | C40: Changzhou | D40: 17.18055 | E40: 14 | F40: 1 | G40: 300 | H40: 0.28 | I40: 华东 - 孙理想 | J40: 1 | K40: 300 | L40: 0.1575 | M40: 1 | N40: 400 | O40: 0.1575 | P40: =MIN(G40,K40,N40) -> 300 | Q40: =IF(P40=K40,"蔡焱南",IF(P40=G40,"總部產品",IF(P40=K40,"蔡焱南","王峰"))) -> 蔡焱南 | R40: =MIN(H40,L40,O40) -> 0.1575 | S40: =IF(L40=R40,"蔡焱南",IF(R40=H40,"總部產品",IF(R40=L40,"蔡焱南","王峰"))) -> 蔡焱南 | T40: =ROUNDUP(G40*1.1,0) -> 330 | U40: =ROUNDUP(H40*1.1,2) -> 0.31 | W40: 0.15 | X40: =T40 -> 330 | Y40: =U40 -> 0.31 | Z40: =ROUNDUP(D40/E40*166.67,0) -> 205 | AA40: =MAX(X40,Z40*Y40)*E40 -> 4620 | AB40: =MAX(G40,Z40*H40)*E40 -> 4200
A41: =B41&C41 -> JiangsuJintan | B41: Jiangsu | C41: Jintan | D41: 0.08368 | E41: 1 | F41: 1 | G41: 300 | H41: 0.28 | I41: 华东 - 孙理想 | J41: 1 | K41: 300 | L41: 0.1575 | M41: 1 | N41: 400 | O41: 0.1575 | P41: =MIN(G41,K41,N41) -> 300 | Q41: =IF(P41=K41,"蔡焱南",IF(P41=G41,"總部產品",IF(P41=K41,"蔡焱南","王峰"))) -> 蔡焱南 | R41: =MIN(H41,L41,O41) -> 0.1575 | S41: =IF(L41=R41,"蔡焱南",IF(R41=H41,"總部產品",IF(R41=L41,"蔡焱南","王峰"))) -> 蔡焱南 | T41: =ROUNDUP(G41*1.1,0) -> 330 | U41: =ROUNDUP(H41*1.1,2) -> 0.31 | W41: 0.15 | X41: =T41 -> 330 | Y41: =U41 -> 0.31 | Z41: =ROUNDUP(D41/E41*166.67,0) -> 14 | AA41: =MAX(X41,Z41*Y41)*E41 -> 330 | AB41: =MAX(G41,Z41*H41)*E41 -> 300
A42: =B42&C42 -> JiangsuLianyungang | B42: Jiangsu | C42: Lianyungang | D42: 129.58944 | E42: 15 | F42: 2 | G42: 600 | H42: 0.42 | I42: 华东 - 孙理想 | J42: 1 | K42: 300 | L42: 0.21 | M42: 2 | N42: 400 | O42: 0.21 | P42: =MIN(G42,K42,N42) -> 300 | Q42: =IF(P42=K42,"蔡焱南",IF(P42=G42,"總部產品",IF(P42=K42,"蔡焱南","王峰"))) -> 蔡焱南 | R42: =MIN(H42,L42,O42) -> 0.21 | S42: =IF(L42=R42,"蔡焱南",IF(R42=H42,"總部產品",IF(R42=L42,"蔡焱南","王峰"))) -> 蔡焱南 | T42: =ROUNDUP(G42*1.1,0) -> 660 | U42: =ROUNDUP(H42*1.1,2) -> 0.47 | W42: 0.15 | X42: =T42 -> 660 | Y42: =U42 -> 0.47 | Z42: =ROUNDUP(D42/E42*166.67,0) -> 1440 | AA42: =MAX(X42,Z42*Y42)*E42 -> 10152 | AB42: =MAX(G42,Z42*H42)*E42 -> 9072
A43: =B43&C43 -> JiangsuSuzhou | B43: Jiangsu | C43: Suzhou | D43: 162.0281 | E43: 20 | F43: 1 | G43: 300 | H43: 0.25 | I43: 华东 - 孙理想 | J43: 1 | K43: 300 | L43: 0.1575 | M43: 1 | N43: 400 | O43: 0.1575 | P43: =MIN(G43,K43,N43) -> 300 | Q43: =IF(P43=K43,"蔡焱南",IF(P43=G43,"總部產品",IF(P43=K43,"蔡焱南","王峰"))) -> 蔡焱南 | R43: =MIN(H43,L43,O43) -> 0.1575 | S43: =IF(L43=R43,"蔡焱南",IF(R43=H43,"總部產品",IF(R43=L43,"蔡焱南","王峰"))) -> 蔡焱南 | T43: =ROUNDUP(G43*1.1,0) -> 330 | U43: =ROUNDUP(H43*1.1,2) -> 0.28 | W43: 0.15 | X43: =T43 -> 330 | Y43: =U43 -> 0.28 | Z43: =ROUNDUP(D43/E43*166.67,0) -> 1351 | AA43: =MAX(X43,Z43*Y43)*E43 -> 7565.6 | AB43: =MAX(G43,Z43*H43)*E43 -> 6755
A44: =B44&C44 -> JiangsuWuxi | B44: Jiangsu | C44: Wuxi | D44: 7.60442 | E44: 2 | F44: 1 | G44: 300 | H44: 0.3 | I44: 华东 - 孙理想 | J44: 1 | K44: 300 | L44: 0.1575 | M44: 1 | N44: 400 | O44: 0.1575 | P44: =MIN(G44,K44,N44) -> 300 | Q44: =IF(P44=K44,"蔡焱南",IF(P44=G44,"總部產品",IF(P44=K44,"蔡焱南","王峰"))) -> 蔡焱南 | R44: =MIN(H44,L44,O44) -> 0.1575 | S44: =IF(L44=R44,"蔡焱南",IF(R44=H44,"總部產品",IF(R44=L44,"蔡焱南","王峰"))) -> 蔡焱南 | T44: =ROUNDUP(G44*1.1,0) -> 330 | U44: =ROUNDUP(H44*1.1,2) -> 0.33 | W44: 0.15 | X44: =T44 -> 330 | Y44: =U44 -> 0.33 | Z44: =ROUNDUP(D44/E44*166.67,0) -> 634 | AA44: =MAX(X44,Z44*Y44)*E44 -> 660 | AB44: =MAX(G44,Z44*H44)*E44 -> 600
A45: =B45&C45 -> JiangsuYangzhou | B45: Jiangsu | C45: Yangzhou | D45: 10.05849 | E45: 1 | F45: 1 | G45: 300 | H45: 0.33 | I45: 华东 - 孙理想 | J45: 1 | K45: 300 | L45: 0.1575 | M45: 1 | N45: 400 | O45: 0.1575 | P45: =MIN(G45,K45,N45) -> 300 | Q45: =IF(P45=K45,"蔡焱南",IF(P45=G45,"總部產品",IF(P45=K45,"蔡焱南","王峰"))) -> 蔡焱南 | R45: =MIN(H45,L45,O45) -> 0.1575 | S45: =IF(L45=R45,"蔡焱南",IF(R45=H45,"總部產品",IF(R45=L45,"蔡焱南","王峰"))) -> 蔡焱南 | T45: =ROUNDUP(G45*1.1,0) -> 330 | U45: =ROUNDUP(H45*1.1,2) -> 0.37 | W45: 0.15 | X45: =T45 -> 330 | Y45: =U45 -> 0.37 | Z45: =ROUNDUP(D45/E45*166.67,0) -> 1677 | AA45: =MAX(X45,Z45*Y45)*E45 -> 620.49 | AB45: =MAX(G45,Z45*H45)*E45 -> 553.41
A46: =B46&C46 -> JiangxiGanzhou | B46: Jiangxi | C46: Ganzhou | D46: 447.35568 | E46: 50 | F46: 4 | G46: 800 | H46: 1.18 | I46: 华中-王莲花 | J46: 3 | K46: 300 | L46: 0.399 | M46: 3 | N46: 400 | O46: 0.399 | P46: =MIN(G46,K46,N46) -> 300 | Q46: =IF(P46=K46,"蔡焱南",IF(P46=G46,"總部產品",IF(P46=K46,"蔡焱南","王峰"))) -> 蔡焱南 | R46: =MIN(H46,L46,O46) -> 0.399 | S46: =IF(L46=R46,"蔡焱南",IF(R46=H46,"總部產品",IF(R46=L46,"蔡焱南","王峰"))) -> 蔡焱南 | T46: =ROUNDUP(G46*1.1,0) -> 880 | U46: =ROUNDUP(H46*1.1,2) -> 1.3 | W46: 0.15 | X46: =T46 -> 880 | Y46: =U46 -> 1.3 | Z46: =ROUNDUP(D46/E46*166.67,0) -> 1492 | AA46: =MAX(X46,Z46*Y46)*E46 -> 96980 | AB46: =MAX(G46,Z46*H46)*E46 -> 88028
A47: =B47&C47 -> ShandongQingdao | B47: Shandong | C47: Qingdao | D47: 316.67765 | E47: 67 | F47: 3 | G47: 800 | H47: 0.7 | I47: 京津-張學煜 | J47: 3 | K47: 300 | L47: 0.42 | M47: 3 | N47: 400 | O47: 0.42 | P47: =MIN(G47,K47,N47) -> 300 | Q47: =IF(P47=K47,"蔡焱南",IF(P47=G47,"總部產品",IF(P47=K47,"蔡焱南","王峰"))) -> 蔡焱南 | R47: =MIN(H47,L47,O47) -> 0.42 | S47: =IF(L47=R47,"蔡焱南",IF(R47=H47,"總部產品",IF(R47=L47,"蔡焱南","王峰"))) -> 蔡焱南 | T47: =ROUNDUP(G47*1.1,0) -> 880 | U47: =ROUNDUP(H47*1.1,2) -> 0.77 | W47: 0.15 | X47: =T47 -> 880 | Y47: =U47 -> 0.77 | Z47: =ROUNDUP(D47/E47*166.67,0) -> 788 | AA47: =MAX(X47,Z47*Y47)*E47 -> 58960 | AB47: =MAX(G47,Z47*H47)*E47 -> 53600
A48: =B48&C48 -> ShandongRizhao | B48: Shandong | C48: Rizhao | D48: 92.326598 | E48: 25 | F48: 3 | G48: 800 | H48: 0.6 | I48: 京津-張學煜 | J48: 3 | K48: 300 | L48: 0.42 | M48: 3 | N48: 400 | O48: 0.42 | P48: =MIN(G48,K48,N48) -> 300 | Q48: =IF(P48=K48,"蔡焱南",IF(P48=G48,"總部產品",IF(P48=K48,"蔡焱南","王峰"))) -> 蔡焱南 | R48: =MIN(H48,L48,O48) -> 0.42 | S48: =IF(L48=R48,"蔡焱南",IF(R48=H48,"總部產品",IF(R48=L48,"蔡焱南","王峰"))) -> 蔡焱南 | T48: =ROUNDUP(G48*1.1,0) -> 880 | U48: =ROUNDUP(H48*1.1,2) -> 0.66 | W48: 0.15 | X48: =T48 -> 880 | Y48: =U48 -> 0.66 | Z48: =ROUNDUP(D48/E48*166.67,0) -> 616 | AA48: =MAX(X48,Z48*Y48)*E48 -> 22000 | AB48: =MAX(G48,Z48*H48)*E48 -> 20000
... A60: =B60&C60 -> ZhejiangTaizhou | B60: Zhejiang | C60: Taizhou | D60: 0.6084 | E60: 1 | F60: 2 | G60: 600 | H60: 0.42 | I60: 华东 - 孙理想 | J60: 2 | K60: 300 | L60: 0.231 | M60: 1 | N60: 400 | O60: 0.231 | P60: =MIN(G60,K60,N60) -> 300 | Q60: =IF(P60=K60,"蔡焱南",IF(P60=G60,"總部產品",IF(P60=K60,"蔡焱南","王峰"))) -> 蔡焱南 | R60: =MIN(H60,L60,O60) -> 0.231 | S60: =IF(L60=R60,"蔡焱南",IF(R60=H60,"總部產品",IF(R60=L60,"蔡焱南","王峰"))) -> 蔡焱南 | T60: =ROUNDUP(G60*1.1,0) -> 660 | U60: =ROUNDUP(H60*1.1,2) -> 0.47 | W60: 0.15 | X60: =T60 -> 660 | Y60: =U60 -> 0.47 | Z60: =ROUNDUP(D60/E60*166.67,0) -> 102 | AA60: =MAX(X60,Z60*Y60)*E60 -> 660 | AB60: =MAX(G60,Z60*H60)*E60 -> 600
A61: =B61&C61 -> BeihaiGuangxi | B61: Beihai | C61: Guangxi | F61: 4 | G61: 650 | H61: 2.8 | I61: 华南 - 许建生 | J61: 3 | K61: 400 | L61: 0.525 | M61: 5 | N61: 400 | O61: 0.525 | P61: =MIN(G61,K61,N61) -> 400 | Q61: =IF(P61=K61,"蔡焱南",IF(P61=G61,"總部產品",IF(P61=K61,"蔡焱南","王峰"))) -> 蔡焱南 | R61: =MIN(H61,L61,O61) -> 0.525 | S61: =IF(L61=R61,"蔡焱南",IF(R61=H61,"總部產品",IF(R61=L61,"蔡焱南","王峰"))) -> 蔡焱南 | T61: =ROUNDUP(G61*1.1,0) -> 715 | U61: =ROUNDUP(H61*1.1,2) -> 3.08 | W61: 0.15 | X61: =T61 -> 715 | Y61: =U61 -> 3.08 | Z61: 0 | AA61: =MAX(X61,Z61*Y61)*E61 -> 0 | AB61: =MAX(G61,Z61*H61)*E61 -> 0
A62: =B62&C62 -> WenzhouZhejiang | B62: Wenzhou | C62: Zhejiang | F62: 2 | G62: 600 | H62: 0.42 | I62: 华东 - 孙理想 | J62: 2 | K62: 300 | L62: 0.3675 | M62: 1 | N62: 400 | O62: 0.3675 | P62: =MIN(G62,K62,N62) -> 300 | Q62: =IF(P62=K62,"蔡焱南",IF(P62=G62,"總部產品",IF(P62=K62,"蔡焱南","王峰"))) -> 蔡焱南 | R62: =MIN(H62,L62,O62) -> 0.3675 | S62: =IF(L62=R62,"蔡焱南",IF(R62=H62,"總部產品",IF(R62=L62,"蔡焱南","王峰"))) -> 蔡焱南 | T62: =ROUNDUP(G62*1.1,0) -> 660 | U62: =ROUNDUP(H62*1.1,2) -> 0.47 | W62: 0.15 | X62: =T62 -> 660 | Y62: =U62 -> 0.47 | Z62: 0 | AA62: =MAX(X62,Z62*Y62)*E62 -> 0 | AB62: =MAX(G62,Z62*H62)*E62 -> 0

Sheet Domestic Ocean
B1: DOMESTIC OCEAN RATE
B3: ORIGIN: Guangdong, China
B4: Destinations
B5: SHDR DC1(Main DC):上海临港新城普洛斯临港物流园洋浩路575号 No.575 Yanghao Road, Pudong New District, Shanghai, China
B6: TDSC DC:上海市奉贤区航塘公路3088号C栋3楼DISNEY STORE WAREHOUSE,KERRYEAS SHANGHAI DISTRIBUTION CENTER C3,3088 HANGTANG HIGHWAY,FENGXIAN DISTRICT, SHANGHAI
B7: Currency :RMB
G8: SHDR DC1/TDSC DC | L8: 利潤 | M8: 0.2
E9: Historical Shipping Volume (cbm) | G9: Transit time(days, pickup date is excluded) | H9: Quotation | L9: AR | N9: 預計貨量
B10: Cost Items | C10: Currency | D10: UOM | E10: 20GP | F10: 40'/40HQ | G10: Transit | H10: 20GP | I10: 40'/40HQ | L10: 20'GP | M10: 40'GP/HQ | N10: 20'GP | O10: 40'GP/HQ | P10: 預計營收 | Q10: 預計成本
B11: All-in Door-to-Door Rate from Dongguan | C11: CNY | D11: per container size | E11: 58.2075 | F11: 759.55 | G11: 6 days(船运时间，不含提派时间） | H11: 6550 | I11: 7380 | J11: 产品归属周天真 | L11: =ROUNDUP(H11*(1+$M$8),0) -> 7860 | M11: =ROUNDUP(I11*(1+$M$8),0) -> 8856 | N11: =ROUNDDOWN(E11/25,0) -> 2 | O11: =ROUNDDOWN(F11/65,0) -> 11 | P11: =N11*L11+O11*M11 -> 113136 | Q11: =H11*N11+I11*O11 -> 94280
B13: Other | C13: Response
B14: Sailing Schedule | C14: 1 sailing per week
B15: Underlying Carriers | C15: no info
B16: Transit Days | C16: 10-11days(waiting time excluded)
B17: Origin / Destination terminals | C17: DONGGUAN/SHANGHAI
B18: Temp. Monitoring Device for Reefer Containers | C18: Reefer container to be quoted separately.
B20: Demurrage (Storage of containers at port) | C20: Carrier Proposed
B21: Rate (RMB) per day, after free time expires | C21: 上海：第8-10天： 小柜每天20 /大柜每天40 第11天后： 小柜每天70/ 大柜每天140 第11天后 小柜收取50一柜的平移费 大柜收取75一柜的平移费 东莞：第8-14天 小柜每天12/ 大柜每天24 第15-21天 小柜每天18 大柜每天36 22天后 小柜每天24 大柜每天48
B22: Free Time: Days before demurrage begins | C22: 7 calendar days free demurrage
B25: Detention (Storage of containers in customer care) | C25: Carrier Proposed
B26: Rate (RMB) per day, after free time expires | C26: 第8-14天： 小柜每天63/ 大柜每天130 第15-21天： 小柜每天126/ 大柜每天260 22天后： 小柜每天189 /大柜每天390
B27: Free Time: Days before detention begins | C27: 7 calendar days free detention

Sheet FTL volume (customer provided)
A1: FTL Truck Type | C1: Provice | D1: City | E1: Sum of No. of shipment | F1: Sum of 2027 Projected vol | G1: 省份 | H1: 城市 | I1: 每車體積 | J1: 車型
A2: Truck | B2: =C2&D2&J2 -> AnhuiChaohu26T | C2: Anhui | D2: Chaohu | E2: 328 | F2: 31716.44 | G2: 安徽 | H2: 巢湖 | I2: 97 | J2: 26T
A3: Truck | B3: =C3&D3&J3 -> AnhuiTianchang25T | C3: Anhui | D3: Tianchang | E3: 127 | F3: 10547.85 | G3: 安徽 | H3: 天长 | I3: 84 | J3: 25T
A4: Truck | B4: =C4&D4&J4 -> AnhuiXuancheng15T | C4: Anhui | D4: Xuancheng | E4: 12 | F4: 653.91 | G4: 安徽 | H4: 宣城 | I4: 55 | J4: 15T
A5: Truck | B5: =C5&D5&J5 -> FujianQuanzhou25T | C5: Fujian | D5: Quanzhou | E5: 35 | F5: 2647.32 | G5: 福建 | H5: 泉州 | I5: 76 | J5: 25T
A6: Truck | B6: =C6&D6&J6 -> FujianShishi5T | C6: Fujian | D6: Shishi | E6: 4 | F6: 56.22 | G6: 福建 | H6: 石狮 | I6: 15 | J6: 5T
A7: Truck | B7: =C7&D7&J7 -> GuangdongDongguan25T | C7: Guangdong | D7: Dongguan | E7: 157 | F7: 12436.51 | G7: 广东 | H7: 东莞 | I7: 80 | J7: 25T
A8: Truck | B8: =C8&D8&J8 -> GuangdongFoshan5T | C8: Guangdong | D8: Foshan | E8: 2 | F8: 31.3 | G8: 广东 | H8: 佛山 | I8: 16 | J8: 5T
A9: Truck | B9: =C9&D9&J9 -> GuangdongHeyuan3T | C9: Guangdong | D9: Heyuan | E9: 7 | F9: 21.27 | G9: 广东 | H9: 河源 | I9: 4 | J9: 3T
A10: Truck | B10: =C10&D10&J10 -> GuangdongHuizhou20’GP | C10: Guangdong | D10: Huizhou | E10: 23 | F10: 587.91 | G10: 广东 | H10: 惠州 | I10: 26 | J10: 20’GP
A11: Truck | B11: =C11&D11&J11 -> GuangdongJiangmen3T | C11: Guangdong | D11: Jiangmen | E11: 1 | F11: 8.03 | G11: 广东 | H11: 江门 | I11: 9 | J11: 3T
A12: Truck | B12: =C12&D12&J12 -> GuangdongShantou20’GP | C12: Guangdong | D12: Shantou | E12: 3 | F12: 69.41 | G12: 广东 | H12: 汕头 | I12: 24 | J12: 20’GP
A13: Truck | B13: =C13&D13&J13 -> GuangdongShenzhen25T | C13: Guangdong | D13: Shenzhen | E13: 38 | F13: 2911.3 | G13: 广东 | H13: 深圳 | I13: 77 | J13: 25T
... A37: Truck | B37: =C37&D37&J37 -> ZhejiangPinghu5T | C37: Zhejiang | D37: Pinghu | E37: 12 | F37: 173.92 | G37: 浙江 | H37: 平湖 | I37: 15 | J37: 5T
A38: Truck-DG | C38: Guangdong | D38: Dongguan | E38: 6 | F38: 40.8 | G38: 广东 | H38: 东莞 | I38: 7 | J38: 3T
A39: Truck-REF | C39: Guangdong | D39: Dongguan | E39: 2 | F39: 16.17 | G39: 广东 | H39: 东莞 | I39: 9 | J39: 3T
A40: Truck-REF | C40: Guangdong | D40: Foshan | E40: 3 | F40: 42.93 | G40: 广东 | H40: 佛山 | I40: 15 | J40: 5T
A41: Truck-REF | C41: Guangdong | D41: Shantou | E41: 24 | F41: 196.15 | G41: 广东 | H41: 汕头 | I41: 9 | J41: 3T
A42: Truck-REF | C42: Jiangxi | D42: Nanchang | E42: 1 | F42: 54.39 | G42: 江西 | H42: 南昌 | I42: 55 | J42: 15T
A43: Truck-REF | C43: Shanghai | D43: Shanghai | E43: 14 | F43: 106.34 | G43: 上海 | H43: 上海 | I43: 8 | J43: 3T
A44: Truck-SOC | B44: =C44&D44&J44 -> AnhuiChaohu40'HQ | C44: Anhui | D44: Chaohu | E44: 20 | F44: 1246.46 | G44: 安徽 | H44: 巢湖 | I44: 63 | J44: 40'HQ
A45: Truck-SOC | B45: =C45&D45&J45 -> AnhuiTianchang15T | C45: Anhui | D45: Tianchang | E45: 7 | F45: 367.4 | G45: 安徽 | H45: 天长 | I45: 53 | J45: 15T
A46: Truck-SOC | B46: =C46&D46&J46 -> FujianQuanzhou40'HQ | C46: Fujian | D46: Quanzhou | E46: 5 | F46: 308.32 | G46: 福建 | H46: 泉州 | I46: 62 | J46: 40'HQ
A47: Truck-SOC | B47: =C47&D47&J47 -> GuangdongDongguan40'HQ | C47: Guangdong | D47: Dongguan | E47: 15 | F47: 889.36 | G47: 广东 | H47: 东莞 | I47: 60 | J47: 40'HQ
A48: Truck-SOC | B48: =C48&D48&J48 -> GuangdongHuizhou12T | C48: Guangdong | D48: Huizhou | E48: 1 | F48: 42.17 | G48: 广东 | H48: 惠州 | I48: 43 | J48: 12T
A49: Truck-SOC | B49: =C49&D49&J49 -> GuangdongShantou40'HQ | C49: Guangdong | D49: Shantou | E49: 1 | F49: 62.11 | G49: 广东 | H49: 汕头 | I49: 63 | J49: 40'HQ
A50: Truck-SOC | B50: =C50&D50&J50 -> GuangdongShenzhen12T | C50: Guangdong | D50: Shenzhen | E50: 3 | F50: 129.39 | G50: 广东 | H50: 深圳 | I50: 44 | J50: 12T
A51: Truck-SOC | B51: =C51&D51&J51 -> GuangdongZhongshan40'HQ | C51: Guangdong | D51: Zhongshan | E51: 1 | F51: 64.34 | G51: 广东 | H51: 中山 | I51: 65 | J51: 40'HQ
A52: Truck-SOC | B52: =C52&D52&J52 -> GuangdongZhuhai5T | C52: Guangdong | D52: Zhuhai | E52: 1 | F52: 18.22 | G52: 广东 | H52: 珠海 | I52: 19 | J52: 5T
A53: Truck-SOC | B53: =C53&D53&J53 -> GuangxiPubei25T | C53: Guangxi | D53: Pubei | E53: 2 | F53: 138.16 | G53: 广西 | H53: 浦北 | I53: 70 | J53: 25T
A54: Truck-SOC | B54: =C54&D54&J54 -> GuangxiQinzhou40'HQ | C54: Guangxi | D54: Qinzhou | E54: 17 | F54: 948.98 | G54: 广西 | H54: 钦州 | I54: 56 | J54: 40'HQ
A55: Truck-SOC | B55: =C55&D55&J55 -> HebeiHejian40'HQ | C55: Hebei | D55: Hejian | E55: 1 | F55: 66.87 | G55: 河北 | H55: 河间 | I55: 67 | J55: 40'HQ
... A59: Truck-SOC | B59: =C59&D59&J59 -> ZhejiangHuzhou15T | C59: Zhejiang | D59: Huzhou | E59: 4 | F59: 183.24 | G59: 浙江 | H59: 湖州 | I59: 46 | J59: 15T

Sheet 供應商0827 - 1200更新線路報價
B1: FULL TRUCK RATES
B2: Rates to be awarded by MOT. Rates submitted must not be contingent upon bundled award.
B4: Destinations
B5: SHDR DC1(Main DC):上海临港新城普洛斯临港物流园洋浩路575号 No.575 Yanghao Road, Pudong New District, Shanghai, China
B6: TDSC DC:上海市奉贤区航塘公路3088号C栋3楼DISNEY STORE WAREHOUSE,KERRYEAS SHANGHAI DISTRIBUTION CENTER C3,3088 HANGTANG HIGHWAY,FENGXIAN DISTRICT, SHANGHAI
B7: Currency :RMB | C7: Exclude VAT
F9: SHDR DC1/TDSC DC | G9: 原報價 | I9: 目標價
B10: From Province | C10: From City | D10: Lorry Size | E10: Temperature | F10: SHDR DC1/TDSC DC | G10: Rate (RMB) Excluding VAT | H10: 新报价 | I10: Rate (RMB) Excluding VAT
A11: =B11&C11&D11&E11 -> ShanxiAnkang5TDRY | B11: Shanxi | C11: Ankang | D11: 5T | E11: DRY | F11: 2 | G11: 5955 | H11: =G11 -> 5955 | I11: 4800
A12: =B12&C12&D12&E12 -> ShanxiAnkang20'GPDRY - SOC | B12: Shanxi | C12: Ankang | D12: 20'GP | E12: DRY - SOC | F12: 2 | G12: 6065 | H12: =G12 -> 6065 | I12: 5040
A13: =B13&C13&D13&E13 -> ShanxiAnkang40'HQDRY - SOC | B13: Shanxi | C13: Ankang | D13: 40'HQ | E13: DRY - SOC | F13: 2 | G13: 10040 | H13: 9450 | I13: 8400
A14: =B14&C14&D14&E14 -> ShanxiAnkang15TDRY | B14: Shanxi | C14: Ankang | D14: 15T | E14: DRY | F14: 2 | G14: 7390 | H14: =G14 -> 7390 | I14: 7200
A15: =B15&C15&D15&E15 -> ShanxiAnkang26TDRY | B15: Shanxi | C15: Ankang | D15: 26T | E15: DRY | F15: 2 | G15: 10040 | H15: =G15 -> 10040 | I15: 9600
A16: =B16&C16&D16&E16 -> ShanxiAnkang3TDRY | B16: Shanxi | C16: Ankang | D16: 3T | E16: DRY | F16: 2 | G16: 3310 | H16: =G16 -> 3310 | I16: 3150
A17: =B17&C17&D17&E17 -> ShanxiAnkang8TDRY | B17: Shanxi | C17: Ankang | D17: 8T | E17: DRY | F17: 2 | G17: 5955 | H17: =G17 -> 5955 | I17: 5040
A18: =B18&C18&D18&E18 -> ShanxiAnkang10TDRY | B18: Shanxi | C18: Ankang | D18: 10T | E18: DRY | F18: 2 | G18: 6065 | H18: =G18 -> 6065 | I18: 5280
A19: =B19&C19&D19&E19 -> ShanxiAnkang12TDRY | B19: Shanxi | C19: Ankang | D19: 12T | E19: DRY | F19: 2 | G19: 6290 | H19: 5985 | I19: 5520
A20: =B20&C20&D20&E20 -> ShanxiAnkang25TDRY | B20: Shanxi | C20: Ankang | D20: 25T | E20: DRY | F20: 2 | G20: 9925 | H20: =G20 -> 9925 | I20: 8800
A21: =B21&C21&D21&E21 -> GuangxiBeihai26TDRY | B21: Guangxi | C21: Beihai | D21: 26T | E21: DRY | G21: 9045 | H21: =G21 -> 9045 | I21: 8560
A22: =B22&C22&D22&E22 -> GuangxiBeihai10TDRY | B22: Guangxi | C22: Beihai | D22: 10T | E22: DRY | G22: 6290 | H22: =G22 -> 6290 | I22: 5840
A23: =B23&C23&D23&E23 -> GuangxiBeihai12TDRY | B23: Guangxi | C23: Beihai | D23: 12T | E23: DRY | G23: 6510 | H23: =G23 -> 6510 | I23: 5920
A24: =B24&C24&D24&E24 -> GuangxiBeihai15TDRY | B24: Guangxi | C24: Beihai | D24: 15T | E24: DRY | G24: 6615 | H24: =G24 -> 6615 | I24: 6000
A25: =B25&C25&D25&E25 -> GuangxiBeihai25TDRY | B25: Guangxi | C25: Beihai | D25: 25T | E25: DRY | G25: 8820 | H25: =G25 -> 8820 | I25: 8000
A26: =B26&C26&D26&E26 -> GuangxiBeihai40'HQDRY - SOC | B26: Guangxi | C26: Beihai | D26: 40'HQ | E26: DRY - SOC | G26: 8820 | H26: =G26 -> 8820 | I26: 7520
A27: =B27&C27&D27&E27 -> GuangxiBeihai20'GPDRY - SOC | B27: Guangxi | C27: Beihai | D27: 20'GP | E27: DRY - SOC | G27: 6290 | H27: =G27 -> 6290 | I27: 5325
A28: =B28&C28&D28&E28 -> GuangxiBeihai3TDRY | B28: Guangxi | C28: Beihai | D28: 3T | E28: DRY | G28: 4085 | H28: =G28 -> 4085 | I28: 4000
A29: =B29&C29&D29&E29 -> GuangxiBeihai5TDRY | B29: Guangxi | C29: Beihai | D29: 5T | E29: DRY | G29: 5405 | H29: =G29 -> 5405 | I29: 5250
A30: =B30&C30&D30&E30 -> GuangxiBeihai8TDRY | B30: Guangxi | C30: Beihai | D30: 8T | E30: DRY | G30: 5515 | H30: =G30 -> 5515 | I30: 5325
A31: =B31&C31&D31&E31 -> JiangsuChangzhou20'GPDRY - SOC | B31: Jiangsu | C31: Changzhou | D31: 20'GP | E31: DRY - SOC | F31: 1 | G31: 1545 | H31: 1260 | I31: 1200
A32: =B32&C32&D32&E32 -> JiangsuChangzhou10TDRY | B32: Jiangsu | C32: Changzhou | D32: 10T | E32: DRY | F32: 1 | G32: 1545 | H32: 1333.5 | I32: 1240
A33: =B33&C33&D33&E33 -> JiangsuChangzhou8TDRY | B33: Jiangsu | C33: Changzhou | D33: 8T | E33: DRY | F33: 1 | G33: 1440 | H33: 1260 | I33: 1200
A34: =B34&C34&D34&E34 -> JiangsuChangzhou25TDRY | B34: Jiangsu | C34: Changzhou | D34: 25T | E34: DRY | F34: 1 | G34: 2205 | H34: =G34 -> 2205 | I34: 1850
A35: =B35&C35&D35&E35 -> JiangsuChangzhou26TDRY | B35: Jiangsu | C35: Changzhou | D35: 26T | E35: DRY | F35: 1 | G35: 2320 | H35: 2047.5 | I35: 1950
A36: =B36&C36&D36&E36 -> JiangsuChangzhou3TDRY | B36: Jiangsu | C36: Changzhou | D36: 3T | E36: DRY | F36: 1 | G36: 845 | H36: 787.5 | I36: 720
A37: =B37&C37&D37&E37 -> JiangsuChangzhou12TDRY | B37: Jiangsu | C37: Changzhou | D37: 12T | E37: DRY | F37: 1 | G37: 1655 | H37: =G37 -> 1655 | I37: 1650
A38: =B38&C38&D38&E38 -> JiangsuChangzhou15TDRY | B38: Jiangsu | C38: Changzhou | D38: 15T | E38: DRY | F38: 1 | G38: 1770 | H38: =G38 -> 1770 | I38: 1750
A39: =B39&C39&D39&E39 -> JiangsuChangzhou40'HQDRY - SOC | B39: Jiangsu | C39: Changzhou | D39: 40'HQ | E39: DRY - SOC | F39: 1 | G39: 2205 | H39: 2047.5 | I39: 1920
A40: =B40&C40&D40&E40 -> JiangsuChangzhou5TDRY | B40: Jiangsu | C40: Changzhou | D40: 5T | E40: DRY | F40: 1 | G40: 1330 | H40: =G40 -> 1330 | I40: 1160
A41: =B41&C41&D41&E41 -> AnhuiChaohu3TDRY | B41: Anhui | C41: Chaohu | D41: 3T | E41: DRY | F41: 1 | G41: 1220 | H41: =G41 -> 1220 | I41: 1160
A42: =B42&C42&D42&E42 -> AnhuiChaohu40'HQDRY - SOC | B42: Anhui | C42: Chaohu | D42: 40'HQ | E42: DRY - SOC | F42: 1 | G42: 3860 | H42: =G42 -> 3860 | I42: 3750
A43: =B43&C43&D43&E43 -> AnhuiChaohu15TDRY | B43: Anhui | C43: Chaohu | D43: 15T | E43: DRY | F43: 1 | G43: 2980 | H43: 2595 | I43: 2400
A44: =B44&C44&D44&E44 -> AnhuiChaohu25TDRY | B44: Anhui | C44: Chaohu | D44: 25T | E44: DRY | F44: 1 | G44: 3860 | H44: =G44 -> 3860 | I44: 3160
A45: =B45&C45&D45&E45 -> AnhuiChaohu12TDRY | B45: Anhui | C45: Chaohu | D45: 12T | E45: DRY | F45: 1 | G45: 2760 | H45: 2310 | I45: 2280
A46: =B46&C46&D46&E46 -> AnhuiChaohu20'GPDRY - SOC | B46: Anhui | C46: Chaohu | D46: 20'GP | E46: DRY - SOC | F46: 1 | G46: 2430 | H46: =G46 -> 2430 | I46: 2040
A47: =B47&C47&D47&E47 -> AnhuiChaohu26TDRY | B47: Anhui | C47: Chaohu | D47: 26T | E47: DRY | F47: 1 | G47: 3975 | H47: =G47 -> 3975 | I47: 3400
A48: =B48&C48&D48&E48 -> AnhuiChaohu10TDRY | B48: Anhui | C48: Chaohu | D48: 10T | E48: DRY | F48: 1 | G48: 2430 | H48: =G48 -> 2430 | I48: 2200
A49: =B49&C49&D49&E49 -> AnhuiChaohu8TDRY | B49: Anhui | C49: Chaohu | D49: 8T | E49: DRY | F49: 1 | G49: 2205 | H49: =G49 -> 2205 | I49: 2040
A50: =B50&C50&D50&E50 -> AnhuiChaohu5TDRY | B50: Anhui | C50: Chaohu | D50: 5T | E50: DRY | F50: 1 | G50: 2100 | H50: =G50 -> 2100 | I50: 1960
A51: =B51&C51&D51&E51 -> HunanChenzhou12TDRY | B51: Hunan | C51: Chenzhou | D51: 12T | E51: DRY | G51: 4410 | H51: =G51 -> 4410 | I51: 4240
A52: =B52&C52&D52&E52 -> HunanChenzhou15TDRY | B52: Hunan | C52: Chenzhou | D52: 15T | E52: DRY | G52: 4745 | H52: =G52 -> 4745 | I52: 4560
A53: =B53&C53&D53&E53 -> HunanChenzhou8TDRY | B53: Hunan | C53: Chenzhou | D53: 8T | E53: DRY | G53: 3425 | H53: =G53 -> 3425 | I53: 3290
A54: =B54&C54&D54&E54 -> HunanChenzhou40'HQDRY - SOC | B54: Hunan | C54: Chenzhou | D54: 40'HQ | E54: DRY - SOC | G54: 6180 | H54: =G54 -> 6180 | I54: 6187.5
A55: =B55&C55&D55&E55 -> HunanChenzhou5TDRY | B55: Hunan | C55: Chenzhou | D55: 5T | E55: DRY | G55: 3310 | H55: 3150 | I55: 2816
A56: =B56&C56&D56&E56 -> HunanChenzhou20'GPDRY - SOC | B56: Hunan | C56: Chenzhou | D56: 20'GP | E56: DRY - SOC | G56: 4410 | H56: =G56 -> 4410 | I56: 4320
A57: =B57&C57&D57&E57 -> HunanChenzhou3TDRY | B57: Hunan | C57: Chenzhou | D57: 3T | E57: DRY | G57: 2760 | H57: =G57 -> 2760 | I57: 2640
A58: =B58&C58&D58&E58 -> HunanChenzhou26TDRY | B58: Hunan | C58: Chenzhou | D58: 26T | E58: DRY | G58: 6615 | H58: 5880 | I58: 5760
A59: =B59&C59&D59&E59 -> HunanChenzhou10TDRY | B59: Hunan | C59: Chenzhou | D59: 10T | E59: DRY | G59: 4410 | H59: 4200 | I59: 4000
A60: =B60&C60&D60&E60 -> HunanChenzhou25TDRY | B60: Hunan | C60: Chenzhou | D60: 25T | E60: DRY | G60: 6180 | H60: 5880 | I60: 5720
A61: =B61&C61&D61&E61 -> GuangdongDongguan26TDRY | B61: Guangdong | C61: Dongguan | D61: 26T | E61: DRY | G61: 6615 | H61: =G61 -> 6615 | I61: 6240
A62: =B62&C62&D62&E62 -> GuangdongDongguan5TDRY | B62: Guangdong | C62: Dongguan | D62: 5T | E62: DRY | G62: 3975 | H62: =G62 -> 3975 | I62: 3840
A63: =B63&C63&D63&E63 -> GuangdongDongguan8TDRY | B63: Guangdong | C63: Dongguan | D63: 8T | E63: DRY | G63: 4085 | H63: =G63 -> 4085 | I63: 3920
A64: =B64&C64&D64&E64 -> GuangdongDongguan40'HQDRY - SOC | B64: Guangdong | C64: Dongguan | D64: 40'HQ | E64: DRY - SOC | G64: 6615 | H64: =G64 -> 6615 | I64: 6600
A65: =B65&C65&D65&E65 -> GuangdongDongguan25TDRY | B65: Guangdong | C65: Dongguan | D65: 25T | E65: DRY | G65: 6615 | H65: =G65 -> 6615 | I65: 6160
A66: =B66&C66&D66&E66 -> GuangdongDongguan3TDRY | B66: Guangdong | C66: Dongguan | D66: 3T | E66: DRY | G66: 3310 | H66: =G66 -> 3310 | I66: 3040
A67: =B67&C67&D67&E67 -> GuangdongDongguan10TDRY | B67: Guangdong | C67: Dongguan | D67: 10T | E67: DRY | G67: 4965 | H67: =G67 -> 4965 | I67: 4240
A68: =B68&C68&D68&E68 -> GuangdongDongguan12TDRY | B68: Guangdong | C68: Dongguan | D68: 12T | E68: DRY | G68: 5080 | H68: =G68 -> 5080 | I68: 4320
A69: =B69&C69&D69&E69 -> GuangdongDongguan15TDRY | B69: Guangdong | C69: Dongguan | D69: 15T | E69: DRY | G69: 5295 | H69: =G69 -> 5295 | I69: 4400
A70: =B70&C70&D70&E70 -> GuangdongDongguan20'GPDRY - SOC | B70: Guangdong | C70: Dongguan | D70: 20'GP | E70: DRY - SOC | G70: 4965 | H70: =G70 -> 4965 | I70: 4080
A71: =B71&C71&D71&E71 -> GuangdongDongguanDG_3THAZMAT | B71: Guangdong | C71: Dongguan | D71: DG_3T | E71: HAZMAT | G71: 0 | I71: 不參與報價
A72: =B72&C72&D72&E72 -> GuangdongDongguanDG_8THAZMAT | B72: Guangdong | C72: Dongguan | D72: DG_8T | E72: HAZMAT | G72: 0 | I72: 不參與報價
A73: =B73&C73&D73&E73 -> GuangdongDongguanREF_3TREEFER | B73: Guangdong | C73: Dongguan | D73: REF_3T | E73: REEFER | G73: 0 | I73: 不參與報價
A74: =B74&C74&D74&E74 -> GuangdongFoshan26TDRY | B74: Guangdong | C74: Foshan | D74: 26T | E74: DRY | G74: 6615 | H74: =G74 -> 6615 | I74: 6240
A75: =B75&C75&D75&E75 -> GuangdongFoshan5TDRY | B75: Guangdong | C75: Foshan | D75: 5T | E75: DRY | G75: 3975 | H75: =G75 -> 3975 | I75: 3840
A76: =B76&C76&D76&E76 -> GuangdongFoshan25TDRY | B76: Guangdong | C76: Foshan | D76: 25T | E76: DRY | G76: 6615 | H76: =G76 -> 6615 | I76: 6160
A77: =B77&C77&D77&E77 -> GuangdongFoshan3TDRY | B77: Guangdong | C77: Foshan | D77: 3T | E77: DRY | G77: 3310 | H77: =G77 -> 3310 | I77: 3040
A78: =B78&C78&D78&E78 -> GuangdongFoshan8TDRY | B78: Guangdong | C78: Foshan | D78: 8T | E78: DRY | G78: 4085 | H78: =G78 -> 4085 | I78: 3920
A79: =B79&C79&D79&E79 -> GuangdongFoshan40'HQDRY - SOC | B79: Guangdong | C79: Foshan | D79: 40'HQ | E79: DRY - SOC | G79: 6615 | H79: =G79 -> 6615 | I79: 6600
A80: =B80&C80&D80&E80 -> GuangdongFoshan10TDRY | B80: Guangdong | C80: Foshan | D80: 10T | E80: DRY | G80: 4965 | H80: =G80 -> 4965 | I80: 4240
A81: =B81&C81&D81&E81 -> GuangdongFoshan12TDRY | B81: Guangdong | C81: Foshan | D81: 12T | E81: DRY | G81: 5080 | H81: =G81 -> 5080 | I81: 4320
A82: =B82&C82&D82&E82 -> GuangdongFoshan15TDRY | B82: Guangdong | C82: Foshan | D82: 15T | E82: DRY | G82: 5295 | H82: =G82 -> 5295 | I82: 4400
A83: =B83&C83&D83&E83 -> GuangdongFoshan20'GPDRY - SOC | B83: Guangdong | C83: Foshan | D83: 20'GP | E83: DRY - SOC | G83: 4965 | H83: =G83 -> 4965 | I83: 3920
A84: =B84&C84&D84&E84 -> GuangdongFoshanREF_3TREEFER | B84: Guangdong | C84: Foshan | D84: REF_3T | E84: REEFER | G84: 0 | I84: 不參與報價
A85: =B85&C85&D85&E85 -> GuangdongFoshanREF_5TREEFER | B85: Guangdong | C85: Foshan | D85: REF_5T | E85: REEFER | G85: 0 | I85: 不參與報價
A86: =B86&C86&D86&E86 -> JiangxiGanzhou8TDRY | B86: Jiangxi | C86: Ganzhou | D86: 8T | E86: DRY | G86: 3750 | H86: =G86 -> 3750 | I86: 3000
A87: =B87&C87&D87&E87 -> JiangxiGanzhou15TDRY | B87: Jiangxi | C87: Ganzhou | D87: 15T | E87: DRY | G87: 4305 | H87: 4095 | I87: 3520
A88: =B88&C88&D88&E88 -> JiangxiGanzhou25TDRY | B88: Jiangxi | C88: Ganzhou | D88: 25T | E88: DRY | G88: 5295 | H88: =G88 -> 5295 | I88: 5062.5
A89: =B89&C89&D89&E89 -> JiangxiGanzhou26TDRY | B89: Jiangxi | C89: Ganzhou | D89: 26T | E89: DRY | G89: 5515 | H89: =G89 -> 5515 | I89: 5250
A90: =B90&C90&D90&E90 -> JiangxiGanzhou3TDRY | B90: Jiangxi | C90: Ganzhou | D90: 3T | E90: DRY | G90: 2430 | H90: =G90 -> 2430 | I90: 2325
A91: =B91&C91&D91&E91 -> JiangxiGanzhou40'HQDRY - SOC | B91: Jiangxi | C91: Ganzhou | D91: 40'HQ | E91: DRY - SOC | G91: 5295 | H91: =G91 -> 5295 | I91: 5040
A92: =B92&C92&D92&E92 -> JiangxiGanzhou10TDRY | B92: Jiangxi | C92: Ganzhou | D92: 10T | E92: DRY | G92: 3750 | H92: 3570 | I92: 3160
A93: =B93&C93&D93&E93 -> JiangxiGanzhou12TDRY | B93: Jiangxi | C93: Ganzhou | D93: 12T | E93: DRY | G93: 3860 | H93: 3675 | I93: 3360
A94: =B94&C94&D94&E94 -> JiangxiGanzhou20'GPDRY - SOC | B94: Jiangxi | C94: Ganzhou | D94: 20'GP | E94: DRY - SOC | G94: 3750 | H94: =G94 -> 3750 | I94: 3375
A95: =B95&C95&D95&E95 -> JiangxiGanzhou5TDRY | B95: Jiangxi | C95: Ganzhou | D95: 5T | E95: DRY | G95: 3090 | H95: 2835 | I95: 2800
A96: =B96&C96&D96&E96 -> GuangxiHechi3TDRY | B96: Guangxi | C96: Hechi | D96: 3T | E96: DRY | G96: 3975 | H96: =G96 -> 3975 | I96: 3750
A97: =B97&C97&D97&E97 -> GuangxiHechi26TDRY | B97: Guangxi | C97: Hechi | D97: 26T | E97: DRY | G97: 8935 | H97: =G97 -> 8935 | I97: 8400
A98: =B98&C98&D98&E98 -> GuangxiHechi5TDRY | B98: Guangxi | C98: Hechi | D98: 5T | E98: DRY | G98: 4745 | H98: =G98 -> 4745 | I98: 4900
A99: =B99&C99&D99&E99 -> GuangxiHechi25TDRY | B99: Guangxi | C99: Hechi | D99: 25T | E99: DRY | G99: 8820 | H99: =G99 -> 8820 | I99: 8000
A100: =B100&C100&D100&E100 -> GuangxiHechi20'GPDRY - SOC | B100: Guangxi | C100: Hechi | D100: 20'GP | E100: DRY - SOC | G100: 5955 | H100: =G100 -> 5955 | I100: 5325
A101: =B101&C101&D101&E101 -> GuangxiHechi8TDRY | B101: Guangxi | C101: Hechi | D101: 8T | E101: DRY | G101: 5295 | H101: =G101 -> 5295 | I101: 5325
A102: =B102&C102&D102&E102 -> GuangxiHechi10TDRY | B102: Guangxi | C102: Hechi | D102: 10T | E102: DRY | G102: 5955 | H102: =G102 -> 5955 | I102: 5840
...
